qid,competition,timestamp,section,number,original_question,original_answer,original_additional_info,question,answers
AIO04-0001,第4回AI王,2023/09/01,開発用データ,1,1945年、ラテンアメリカの文学者として初めてノーベル文学賞を受賞した、チリの詩人は誰？,ガブリエラ・ミストラル,ミストラル,1945年、ラテンアメリカの文学者として初めてノーベル文学賞を受賞した、チリの詩人は誰?,"['ガブリエラ・ミストラル', 'ミストラル']"
AIO04-0002,第4回AI王,2023/09/01,開発用データ,2,和歌山県新宮市に名前を冠した公園が建てられている、古代中国で秦の始皇帝の命を受け、不老不死の薬を求めて日本に旅立った人物は誰？,徐福,,和歌山県新宮市に名前を冠した公園が建てられている、古代中国で秦の始皇帝の命を受け、不老不死の薬を求めて日本に旅立った人物は誰?,['徐福']
AIO04-0003,第4回AI王,2023/09/01,開発用データ,3,サンスクリット語で「南」という意味の言葉に由来する、インドの南側の大部分を占める高原は何？,デカン高原,,サンスクリット語で「南」という意味の言葉に由来する、インドの南側の大部分を占める高原は何?,['デカン高原']
AIO04-0004,第4回AI王,2023/09/01,開発用データ,4,ミシガン湖に面したアメリカ・イリノイ州の都市で、ニューヨーク、ロサンゼルスに次いで3番目に人口の多い都市はどこ？,シカゴ,,ミシガン湖に面したアメリカ・イリノイ州の都市で、ニューヨーク、ロサンゼルスに次いで3番目に人口の多い都市はどこ?,['シカゴ']
AIO04-0005,第4回AI王,2023/09/01,開発用データ,5,味がまずい魚のことを、猫でさえ見向きもしないということから俗に何という？,ねこまたぎ,"猫またぎ, 猫跨ぎ",味がまずい魚のことを、猫でさえ見向きもしないということから俗に何という?,"['ねこまたぎ', '猫またぎ', '猫跨ぎ']"
AIO04-0006,第4回AI王,2023/09/01,開発用データ,6,この岬を通る西経67度線より東を大西洋、西を太平洋と区分する、南アメリカ大陸最南端の岬はどこ？,ホーン岬,,この岬を通る西経67度線より東を大西洋、西を太平洋と区分する、南アメリカ大陸最南端の岬はどこ?,['ホーン岬']
AIO04-0007,第4回AI王,2023/09/01,開発用データ,7,映画『ゴーストバスターズ』のラストで、破壊神ゴーザが変身した怪物の名前は何？,マシュマロマン,,映画『ゴーストバスターズ』のラストで、破壊神ゴーザが変身した怪物の名前は何?,['マシュマロマン']
AIO04-0008,第4回AI王,2023/09/01,開発用データ,8,優れた才能を持ち、将来が期待される少年を、ある想像上の生き物にたとえて何という？,麒麟児,鳳児,優れた才能を持ち、将来が期待される少年を、ある想像上の生き物にたとえて何という?,"['麒麟児', '鳳児']"
AIO04-0009,第4回AI王,2023/09/01,開発用データ,9,SF作品などに登場する、ある世界から分岐し、それに並行して存在する別の世界を何という？,パラレルワールド,,SF作品などに登場する、ある世界から分岐し、それに並行して存在する別の世界を何という?,['パラレルワールド']
AIO04-0010,第4回AI王,2023/09/01,開発用データ,10,「物質に光をあてると、電子が放出されたり電流が流れたりする現象」のことで、1921年にアインシュタインがこの研究によりノーベル物理学賞を受賞した効果は何？,光電効果,,「物質に光をあてると、電子が放出されたり電流が流れたりする現象」のことで、1921年にアインシュタインがこの研究によりノーベル物理学賞を受賞した効果は何?,['光電効果']
AIO04-0011,第4回AI王,2023/09/01,開発用データ,11,ギリシャの哲学者ソクラテスが用いた、対話によって相手の無知・矛盾をつき、より高度な真理を導く方法を、彼の母親の職業から何という？,産婆術,,ギリシャの哲学者ソクラテスが用いた、対話によって相手の無知・矛盾をつき、より高度な真理を導く方法を、彼の母親の職業から何という?,['産婆術']
AIO04-0012,第4回AI王,2023/09/01,開発用データ,12,アメリカ独立100周年の1876年に州に昇格したことから「100年記念州」と呼ばれる、デンバーを州都とする州はどこ？,コロラド州,コロラド,アメリカ独立100周年の1876年に州に昇格したことから「100年記念州」と呼ばれる、デンバーを州都とする州はどこ?,"['コロラド州', 'コロラド']"
AIO04-0013,第4回AI王,2023/09/01,開発用データ,13,イスラム教で、イスラム暦の12番目の月に行われる、メッカへの巡礼のことを何という？,ハッジ,"ハジ, ハッジュ",イスラム教で、イスラム暦の12番目の月に行われる、メッカへの巡礼のことを何という?,"['ハッジ', 'ハジ', 'ハッジュ']"
AIO04-0014,第4回AI王,2023/09/01,開発用データ,14,『君恋し』『有楽町で逢いましょう』などのヒット曲で知られる、今は亡き歌手は誰？,フランク永井,,『君恋し』『有楽町で逢いましょう』などのヒット曲で知られる、今は亡き歌手は誰?,['フランク永井']
AIO04-0015,第4回AI王,2023/09/01,開発用データ,15,大阪府池田市にある逸翁美術館の「逸翁」とは誰のこと？,小林一三,,大阪府池田市にある逸翁美術館の「逸翁」とは誰のこと?,['小林一三']
AIO04-0016,第4回AI王,2023/09/01,開発用データ,16,神武景気と岩戸景気の間の、1957年～58年ごろの不況を、ある台所用品にたとえて何不況という？,なべ底不況,なべ底,神武景気と岩戸景気の間の、1957年〜58年ごろの不況を、ある台所用品にたとえて何不況という?,"['なべ底不況', 'なべ底']"
AIO04-0017,第4回AI王,2023/09/01,開発用データ,17,『黄金の羅針盤』『神秘の短剣』『琥珀の望遠鏡』の三部からなる、イギリスの作家フィリップ・プルマンのファンタジー小説は何？,ライラの冒険,,『黄金の羅針盤』『神秘の短剣』『琥珀の望遠鏡』の三部からなる、イギリスの作家フィリップ・プルマンのファンタジー小説は何?,['ライラの冒険']
AIO04-0018,第4回AI王,2023/09/01,開発用データ,18,斜方、単斜、ゴム状など多くの同素体を持つ、原子番号16の元素は何？,硫黄,,斜方、単斜、ゴム状など多くの同素体を持つ、原子番号16の元素は何?,['硫黄']
AIO04-0019,第4回AI王,2023/09/01,開発用データ,19,全国のタケノコの生産量の約4分の1を占める、ブランドにもなっている「合馬タケノコ」で知られる都道府県はどこ？,福岡県,福岡,全国のタケノコの生産量の約4分の1を占める、ブランドにもなっている「合馬タケノコ」で知られる都道府県はどこ?,"['福岡県', '福岡']"
AIO04-0020,第4回AI王,2023/09/01,開発用データ,20,アインシュタインの共同研究者として一般相対性理論や量子重力理論の理論研究を手がけたアメリカの物理学者で、ワームホールを命名したことでも知られるのは誰？,ジョン・ホイーラー,"ホイーラー, ジョン・アーチボルト・ホイーラー",アインシュタインの共同研究者として一般相対性理論や量子重力理論の理論研究を手がけたアメリカの物理学者で、ワームホールを命名したことでも知られるのは誰?,"['ジョン・ホイーラー', 'ホイーラー', 'ジョン・アーチボルト・ホイーラー']"
AIO04-0021,第4回AI王,2023/09/01,開発用データ,21,風と共に去りぬ、リンカーン、奴隷制度から連想される戦争は何？,南北戦争,,風と共に去りぬ、リンカーン、奴隷制度から連想される戦争は何?,['南北戦争']
AIO04-0022,第4回AI王,2023/09/01,開発用データ,22,DJのテクニックで、レコードを逆回転させたり、手でこすったりして効果音を出すことを何という？,スクラッチ,,DJのテクニックで、レコードを逆回転させたり、手でこすったりして効果音を出すことを何という?,['スクラッチ']
AIO04-0023,第4回AI王,2023/09/01,開発用データ,23,人間の膝から足首を結ぶ骨は、腓骨と何？,脛骨,,人間の膝から足首を結ぶ骨は、腓骨と何?,['脛骨']
AIO04-0024,第4回AI王,2023/09/01,開発用データ,24,セーシェルの首都・ヴィクトリアがある、同国でもっとも面積の大きい島は何？,マヘ島,,セーシェルの首都・ヴィクトリアがある、同国でもっとも面積の大きい島は何?,['マヘ島']
AIO04-0025,第4回AI王,2023/09/01,開発用データ,25,話を本筋に戻す時にいう、「それはさておき」という意味の四字熟語は何？,閑話休題,,話を本筋に戻す時にいう、「それはさておき」という意味の四字熟語は何?,['閑話休題']
AIO04-0026,第4回AI王,2023/09/01,開発用データ,26,春野サクラ、うちはサスケ、はたけカカシ、うずまきナルトなどの忍者たちが登場する、岸本斉史の漫画は何？,NARUTO,"ナルト, NARUTO -ナルト-",春野サクラ、うちはサスケ、はたけカカシ、うずまきナルトなどの忍者たちが登場する、岸本斉史の漫画は何?,"['NARUTO', 'ナルト', 'NARUTO -ナルト-']"
AIO04-0027,第4回AI王,2023/09/01,開発用データ,27,歌舞伎の演技、印刷用の印、整地用の道具から連想される昆虫は何？,トンボ,"とんぼ, 蜻蛉",歌舞伎の演技、印刷用の印、整地用の道具から連想される昆虫は何?,"['トンボ', 'とんぼ', '蜻蛉']"
AIO04-0028,第4回AI王,2023/09/01,開発用データ,28,アフリカや南アメリカにみられる、乾季と雨季の区別がはっきりとした、熱帯の草原を何という？,サバンナ,"サヴァンナ, サバナ, サヴァナ",アフリカや南アメリカにみられる、乾季と雨季の区別がはっきりとした、熱帯の草原を何という?,"['サバンナ', 'サヴァンナ', 'サバナ', 'サヴァナ']"
AIO04-0029,第4回AI王,2023/09/01,開発用データ,29,花札で、9月の札に描かれている盃に書かれている漢字1文字は何？,寿,,花札で、9月の札に描かれている盃に書かれている漢字1文字は何?,['寿']
AIO04-0030,第4回AI王,2023/09/01,開発用データ,30,大相撲で、1日の取組がすべて終わった後に行われる儀式を何という？,弓取式,,大相撲で、1日の取組がすべて終わった後に行われる儀式を何という?,['弓取式']
AIO04-0031,第4回AI王,2023/09/01,開発用データ,31,1月11日に亡くなったことから命日を「一一一忌」という、代表作『女の一生』で知られる作家は誰？,山本有三,,1月11日に亡くなったことから命日を「一一一忌」という、代表作『女の一生』で知られる作家は誰?,['山本有三']
AIO04-0032,第4回AI王,2023/09/01,開発用データ,32,宇宙にどれほどの地球外生命体が分布しているのかを推定する方程式を、考案者の名から何という？,ドレークの方程式,"ドレイクの方程式, ドレーク方程式, ドレイク方程式",宇宙にどれほどの地球外生命体が分布しているのかを推定する方程式を、考案者の名から何という?,"['ドレークの方程式', 'ドレイクの方程式', 'ドレーク方程式', 'ドレイク方程式']"
AIO04-0033,第4回AI王,2023/09/01,開発用データ,33,オリンピックで「入賞」とは何位までを指す？,8位,8,オリンピックで「入賞」とは何位までを指す?,"['8位', '8']"
AIO04-0034,第4回AI王,2023/09/01,開発用データ,34,映画やドラマなどで、メインタイトルの前に流されるプロローグシーンのことを、「前に」という意味のフランス語から何という？,アバンタイトル,アバン,映画やドラマなどで、メインタイトルの前に流されるプロローグシーンのことを、「前に」という意味のフランス語から何という?,"['アバンタイトル', 'アバン']"
AIO04-0035,第4回AI王,2023/09/01,開発用データ,35,1964年4月26日、タンガニーカとザンジバルが合併して誕生した、首都をドドマにおく国はどこ？,タンザニア,タンザニア連合共和国,1964年4月26日、タンガニーカとザンジバルが合併して誕生した、首都をドドマにおく国はどこ?,"['タンザニア', 'タンザニア連合共和国']"
AIO04-0036,第4回AI王,2023/09/01,開発用データ,36,寄生虫が、成体になる前に一時的に寄生する生物のことを、漢字4文字で何という？,中間宿主,,寄生虫が、成体になる前に一時的に寄生する生物のことを、漢字4文字で何という?,['中間宿主']
AIO04-0037,第4回AI王,2023/09/01,開発用データ,37,ローマの貧しい家に生まれた少年・アントニオを主人公とする、森鴎外の翻訳版でも有名なアンデルセンの小説は何？,即興詩人,,ローマの貧しい家に生まれた少年・アントニオを主人公とする、森鴎外の翻訳版でも有名なアンデルセンの小説は何?,['即興詩人']
AIO04-0038,第4回AI王,2023/09/01,開発用データ,38,イソップ童話『アリの恩返し』で、川でおぼれていたアリに葉っぱを落として助けた鳥は何？,ハト,"はと, 鳩",イソップ童話『アリの恩返し』で、川でおぼれていたアリに葉っぱを落として助けた鳥は何?,"['ハト', 'はと', '鳩']"
AIO04-0039,第4回AI王,2023/09/01,開発用データ,39,民俗学者の柳田國男が、全国のカタツムリの呼び名を調べることで、方言周圏論を唱えた著書のタイトルは何？,蝸牛考,,民俗学者の柳田國男が、全国のカタツムリの呼び名を調べることで、方言周圏論を唱えた著書のタイトルは何?,['蝸牛考']
AIO04-0040,第4回AI王,2023/09/01,開発用データ,40,佐々木道誉や土岐頼遠などのような、伝統や権威に逆らって傍若無人にふるまった室町時代の大名を何という？,ばさら大名,"婆娑羅大名, ばさら, 婆娑羅",佐々木道誉や土岐頼遠などのような、伝統や権威に逆らって傍若無人にふるまった室町時代の大名を何という?,"['ばさら大名', '婆娑羅大名', 'ばさら', '婆娑羅']"
AIO04-0041,第4回AI王,2023/09/01,開発用データ,41,三瓶温泉、温泉津温泉、玉造温泉などの温泉地がある都道府県はどこ？,島根県,島根,三瓶温泉、温泉津温泉、玉造温泉などの温泉地がある都道府県はどこ?,"['島根県', '島根']"
AIO04-0042,第4回AI王,2023/09/01,開発用データ,42,黒澤明監督の映画の題材にもなっている、戦国武将が敵を欺くために自身と同じ格好をさせた人物を何という？,影武者,,黒澤明監督の映画の題材にもなっている、戦国武将が敵を欺くために自身と同じ格好をさせた人物を何という?,['影武者']
AIO04-0043,第4回AI王,2023/09/01,開発用データ,43,蜃気楼の一種であることが解明されている、九州の八代海沿岸でみられる灯火のような現象を何という？,しらぬい,不知火,蜃気楼の一種であることが解明されている、九州の八代海沿岸でみられる灯火のような現象を何という?,"['しらぬい', '不知火']"
AIO04-0044,第4回AI王,2023/09/01,開発用データ,44,『恋とはどんなものかしら』などのアリアが有名な、ボーマルシェの戯曲を原作とするモーツァルト作曲のオペラは何？,フィガロの結婚,,『恋とはどんなものかしら』などのアリアが有名な、ボーマルシェの戯曲を原作とするモーツァルト作曲のオペラは何?,['フィガロの結婚']
AIO04-0045,第4回AI王,2023/09/01,開発用データ,45,多くの島が点在することから「多島海」とも呼ばれる、ギリシャとトルコの間にある海域は何？,エーゲ海,,多くの島が点在することから「多島海」とも呼ばれる、ギリシャとトルコの間にある海域は何?,['エーゲ海']
AIO04-0046,第4回AI王,2023/09/01,開発用データ,46,日常の雑感や見聞などを書きつづった全244段からなる、吉田兼好の随筆は何？,徒然草,,日常の雑感や見聞などを書きつづった全244段からなる、吉田兼好の随筆は何?,['徒然草']
AIO04-0047,第4回AI王,2023/09/01,開発用データ,47,チョコレートづくりで、風味を高めるために、チョコレートを温めたり冷ましたりして一定の温度に調節することを何という？,テンパリング,,チョコレートづくりで、風味を高めるために、チョコレートを温めたり冷ましたりして一定の温度に調節することを何という?,['テンパリング']
AIO04-0048,第4回AI王,2023/09/01,開発用データ,48,毒グモのタランチュラの語源となったタラントという港町がある国はどこ？,イタリア,イタリア共和国,毒グモのタランチュラの語源となったタラントという港町がある国はどこ?,"['イタリア', 'イタリア共和国']"
AIO04-0049,第4回AI王,2023/09/01,開発用データ,49,3月3日のひな祭りで、一生一人の人と添い遂げるようにという願いをこめて、すまし汁にして食べられる貝は何？,ハマグリ,"はまぐり, 蛤",3月3日のひな祭りで、一生一人の人と添い遂げるようにという願いをこめて、すまし汁にして食べられる貝は何?,"['ハマグリ', 'はまぐり', '蛤']"
AIO04-0050,第4回AI王,2023/09/01,開発用データ,50,フランス語で「10分の1」という意味からつけられた、アメリカの10セントコインの愛称は何？,ダイム,,フランス語で「10分の1」という意味からつけられた、アメリカの10セントコインの愛称は何?,['ダイム']
AIO04-0051,第4回AI王,2023/09/01,開発用データ,51,1906年、偏平足を矯正する靴メーカーとしてアメリカ・ボストンに創業したスポーツシューズメーカーは何？,ニューバランス,New Balance,1906年、偏平足を矯正する靴メーカーとしてアメリカ・ボストンに創業したスポーツシューズメーカーは何?,"['ニューバランス', 'New Balance']"
AIO04-0052,第4回AI王,2023/09/01,開発用データ,52,英語で「三角巾」という意味がある、たすき掛けにして使う、ハンモック状のだっこ紐を何という？,スリング,ベビースリング,英語で「三角巾」という意味がある、たすき掛けにして使う、ハンモック状のだっこ紐を何という?,"['スリング', 'ベビースリング']"
AIO04-0053,第4回AI王,2023/09/01,開発用データ,53,歯をもたない鳥類が、摂取した食べ物をすり潰すために砂や小石を蓄えておく、腸の前にある消化器官を何という？,砂嚢,"砂肝, 砂袋",歯をもたない鳥類が、摂取した食べ物をすり潰すために砂や小石を蓄えておく、腸の前にある消化器官を何という?,"['砂嚢', '砂肝', '砂袋']"
AIO04-0054,第4回AI王,2023/09/01,開発用データ,54,大麦の品種で、主に麦飯に用いるのは六条大麦ですが、ビールの原材料として用いるのは何？,二条大麦,,大麦の品種で、主に麦飯に用いるのは六条大麦ですが、ビールの原材料として用いるのは何?,['二条大麦']
AIO04-0055,第4回AI王,2023/09/01,開発用データ,55,中国で2世紀ごろに道教の一派である太平道を創始し、西暦184年の黄巾の乱を指導するも、戦いの最中に病死した人物は誰？,張角,,中国で2世紀ごろに道教の一派である太平道を創始し、西暦184年の黄巾の乱を指導するも、戦いの最中に病死した人物は誰?,['張角']
AIO04-0056,第4回AI王,2023/09/01,開発用データ,56,ゴッホやピカソが愛用したことでも知られる、黒い表紙とゴムバンドが特徴的な、イタリアの手帳ブランドは何？,モレスキン,Moleskine,ゴッホやピカソが愛用したことでも知られる、黒い表紙とゴムバンドが特徴的な、イタリアの手帳ブランドは何?,"['モレスキン', 'Moleskine']"
AIO04-0057,第4回AI王,2023/09/01,開発用データ,57,中国の唐で「貞観の治」とよばれる政治を行ったのは太宗ですが、日本の平安時代に「貞観の治」と呼ばれる政治を行った第56代天皇は誰？,清和天皇,,中国の唐で「貞観の治」とよばれる政治を行ったのは太宗ですが、日本の平安時代に「貞観の治」と呼ばれる政治を行った第56代天皇は誰?,['清和天皇']
AIO04-0058,第4回AI王,2023/09/01,開発用データ,58,1837年から1847年にかけて、蘭学者・宇田川榕菴が著した、日本初の体系的な化学書とされる著書は何？,舎密開宗,,1837年から1847年にかけて、蘭学者・宇田川榕菴が著した、日本初の体系的な化学書とされる著書は何?,['舎密開宗']
AIO04-0059,第4回AI王,2023/09/01,開発用データ,59,戦国武将の本多忠勝が愛用したとされる、「御手杵」「日本号」と並び「天下三名槍」に数えられる槍は何？,蜻蛉切,,戦国武将の本多忠勝が愛用したとされる、「御手杵」「日本号」と並び「天下三名槍」に数えられる槍は何?,['蜻蛉切']
AIO04-0060,第4回AI王,2023/09/01,開発用データ,60,1994年に第1回が行われた、毎年2月～3月にポルトガルで開催される、ナショナルチームによる女子サッカーの国際大会は何？,アルガルベカップ,アルガルヴェ・カップ,1994年に第1回が行われた、毎年2月〜3月にポルトガルで開催される、ナショナルチームによる女子サッカーの国際大会は何?,"['アルガルベカップ', 'アルガルヴェ・カップ']"
AIO04-0061,第4回AI王,2023/09/01,開発用データ,61,アメリカでは味がカモに似ているため「グースフィッシュ」とも呼ばれる、「吊し切り」という方法でさばかれる魚は何？,アンコウ,"あんこう, 鮟鱇",アメリカでは味がカモに似ているため「グースフィッシュ」とも呼ばれる、「吊し切り」という方法でさばかれる魚は何?,"['アンコウ', 'あんこう', '鮟鱇']"
AIO04-0062,第4回AI王,2023/09/01,開発用データ,62,かつて駄菓子屋や縁日で売られていた、子ども向けのおもちゃの鉄砲を、玉の色から俗に何といった？,銀玉鉄砲,,かつて駄菓子屋や縁日で売られていた、子ども向けのおもちゃの鉄砲を、玉の色から俗に何といった?,['銀玉鉄砲']
AIO04-0063,第4回AI王,2023/09/01,開発用データ,63,ヘミングウェイの小説『老人と海』で、主人公のサンチャゴが憧れているメジャーリーガーは誰？,ジョー・ディマジオ,"ディマジオ, ジョセフ・ポール・ディマジオ",ヘミングウェイの小説『老人と海』で、主人公のサンチャゴが憧れているメジャーリーガーは誰?,"['ジョー・ディマジオ', 'ディマジオ', 'ジョセフ・ポール・ディマジオ']"
AIO04-0064,第4回AI王,2023/09/01,開発用データ,64,毎朝、豆を60粒数えてコーヒーを淹れていたという逸話が残る、ドイツの作曲家は誰？,ルートヴィヒ・ヴァン・ベートーヴェン,"ベートーヴェン, ベートーベン",毎朝、豆を60粒数えてコーヒーを淹れていたという逸話が残る、ドイツの作曲家は誰?,"['ルートヴィヒ・ヴァン・ベートーヴェン', 'ベートーヴェン', 'ベートーベン']"
AIO04-0065,第4回AI王,2023/09/01,開発用データ,65,積極的に発言しないものの大多数を占める勢力のことを、「静かな多数派」という意味の英語で何という？,サイレントマジョリティー,サイレントマジョリティ,積極的に発言しないものの大多数を占める勢力のことを、「静かな多数派」という意味の英語で何という?,"['サイレントマジョリティー', 'サイレントマジョリティ']"
AIO04-0066,第4回AI王,2023/09/01,開発用データ,66,顔料のウルトラマリンのことを、絵画『青いターバンの少女』などで多用したオランダの画家の名前から何という？,フェルメール・ブルー,,顔料のウルトラマリンのことを、絵画『青いターバンの少女』などで多用したオランダの画家の名前から何という?,['フェルメール・ブルー']
AIO04-0067,第4回AI王,2023/09/01,開発用データ,67,富山市を流れるいたち川を題材とした、作家・宮本輝の芥川賞受賞作は何？,螢川,,富山市を流れるいたち川を題材とした、作家・宮本輝の芥川賞受賞作は何?,['螢川']
AIO04-0068,第4回AI王,2023/09/01,開発用データ,68,かつてベトナムを南北に分けていた軍事境界線のことを、そこを通る緯線から何という？,17度線,北緯17度線,かつてベトナムを南北に分けていた軍事境界線のことを、そこを通る緯線から何という?,"['17度線', '北緯17度線']"
AIO04-0069,第4回AI王,2023/09/01,開発用データ,69,アメリカ・大リーグで、日本人として初めて盗塁を記録した選手は誰？,吉井理人,,アメリカ・大リーグで、日本人として初めて盗塁を記録した選手は誰?,['吉井理人']
AIO04-0070,第4回AI王,2023/09/01,開発用データ,70,『ジャックとジル』や『ハンプティ・ダンプティ』などが含まれるイギリスの伝承童謡といえば何？,マザー・グース,,『ジャックとジル』や『ハンプティ・ダンプティ』などが含まれるイギリスの伝承童謡といえば何?,['マザー・グース']
AIO04-0071,第4回AI王,2023/09/01,開発用データ,71,1960年ごろ、メジャーリーグのヤンキースで「MM砲」といわれた選手は、ミッキー・マントルと誰？,ロジャー・マリス,"マリス, ロジャー・ユージーン・マリス",1960年ごろ、メジャーリーグのヤンキースで「MM砲」といわれた選手は、ミッキー・マントルと誰?,"['ロジャー・マリス', 'マリス', 'ロジャー・ユージーン・マリス']"
AIO04-0072,第4回AI王,2023/09/01,開発用データ,72,1960年代の学生闘争を描いた映画『いちご白書』は、アメリカの何という大学をモデルにした作品？,コロンビア大学,,1960年代の学生闘争を描いた映画『いちご白書』は、アメリカの何という大学をモデルにした作品?,['コロンビア大学']
AIO04-0073,第4回AI王,2023/09/01,開発用データ,73,フランスのラスコー洞窟やスペインのアルタミラ洞窟に壁画を残した、旧石器時代の化石人類は何？,クロマニョン人,クロマニヨン人,フランスのラスコー洞窟やスペインのアルタミラ洞窟に壁画を残した、旧石器時代の化石人類は何?,"['クロマニョン人', 'クロマニヨン人']"
AIO04-0074,第4回AI王,2023/09/01,開発用データ,74,漫画『ドカベン』の山田太郎、『クレヨンしんちゃん』の野原しんのすけ、『ONE PIECE』のルフィの誕生日はいずれも何月何日？,5月5日,,漫画『ドカベン』の山田太郎、『クレヨンしんちゃん』の野原しんのすけ、『ONE PIECE』のルフィの誕生日はいずれも何月何日?,['5月5日']
AIO04-0075,第4回AI王,2023/09/01,開発用データ,75,「座高が高く、やせ細っていて顔は青白く、鼻は大きく垂れ下がって鼻先は赤い」という容貌が特徴の、古典『源氏物語』に登場する女性は誰？,末摘花,,「座高が高く、やせ細っていて顔は青白く、鼻は大きく垂れ下がって鼻先は赤い」という容貌が特徴の、古典『源氏物語』に登場する女性は誰?,['末摘花']
AIO04-0076,第4回AI王,2023/09/01,開発用データ,76,皆既日食が起こった際に太陽の周りに見られる、淡く輝く層のことを何という？,コロナ,,皆既日食が起こった際に太陽の周りに見られる、淡く輝く層のことを何という?,['コロナ']
AIO04-0077,第4回AI王,2023/09/01,開発用データ,77,映画のタイトルで、「パリの」「ニューヨークの」「ノッティングヒルの」に共通して続く言葉は何？,恋人,,映画のタイトルで、「パリの」「ニューヨークの」「ノッティングヒルの」に共通して続く言葉は何?,['恋人']
AIO04-0078,第4回AI王,2023/09/01,開発用データ,78,袋ぜりとよばれる独特のセリで知られる、フグの卸を専門におこなう山口県下関市の市場はどこ？,南風泊市場,,袋ぜりとよばれる独特のセリで知られる、フグの卸を専門におこなう山口県下関市の市場はどこ?,['南風泊市場']
AIO04-0079,第4回AI王,2023/09/01,開発用データ,79,初代オーナーの大社義規にちなむ、プロ野球・北海道日本ハムファイターズの永久欠番は何番？,100番,100,初代オーナーの大社義規にちなむ、プロ野球・北海道日本ハムファイターズの永久欠番は何番?,"['100番', '100']"
AIO04-0080,第4回AI王,2023/09/01,開発用データ,80,囲碁に由来する、当事者よりも第三者のほうが物事がよく見えるという意味の四字熟語は何？,傍目八目,岡目八目,囲碁に由来する、当事者よりも第三者のほうが物事がよく見えるという意味の四字熟語は何?,"['傍目八目', '岡目八目']"
AIO04-0081,第4回AI王,2023/09/01,開発用データ,81,地下茎や根が枯れずに残り、毎年生えてくる植物を、「一年草」や「二年草」に対して何という？,多年草,,地下茎や根が枯れずに残り、毎年生えてくる植物を、「一年草」や「二年草」に対して何という?,['多年草']
AIO04-0082,第4回AI王,2023/09/01,開発用データ,82,インスリンを分泌する内分泌腺組織「ランゲルハンス島」がある臓器はどこ？,膵臓,すい臓,インスリンを分泌する内分泌腺組織「ランゲルハンス島」がある臓器はどこ?,"['膵臓', 'すい臓']"
AIO04-0083,第4回AI王,2023/09/01,開発用データ,83,ボクシングで、相手のパンチによってではなく、自ら足を滑らせたりして倒れるダウンを何という？,スリップダウン,スリップ,ボクシングで、相手のパンチによってではなく、自ら足を滑らせたりして倒れるダウンを何という?,"['スリップダウン', 'スリップ']"
AIO04-0084,第4回AI王,2023/09/01,開発用データ,84,産出地の栃木県の地名が付いた、園芸によく用いられる、保水性と通気性に優れた土は何？,鹿沼土,,産出地の栃木県の地名が付いた、園芸によく用いられる、保水性と通気性に優れた土は何?,['鹿沼土']
AIO04-0085,第4回AI王,2023/09/01,開発用データ,85,豚肉の骨つき肉の一種・スペアリブはどこの部位の骨？,肋骨,"あばら骨, 肋, あばら",豚肉の骨つき肉の一種・スペアリブはどこの部位の骨?,"['肋骨', 'あばら骨', '肋', 'あばら']"
AIO04-0086,第4回AI王,2023/09/01,開発用データ,86,19世紀のスウェーデンの科学者で、セレン、トリウム、セリウムなどの元素を発見したことで知られるのは誰？,イェンス・ベルセリウス,"ベルセリウス, イェンス・ヤコブ・ベルセリウス, ベルセーリウス, ベルツェリウス",19世紀のスウェーデンの科学者で、セレン、トリウム、セリウムなどの元素を発見したことで知られるのは誰?,"['イェンス・ベルセリウス', 'ベルセリウス', 'イェンス・ヤコブ・ベルセリウス', 'ベルセーリウス', 'ベルツェリウス']"
AIO04-0087,第4回AI王,2023/09/01,開発用データ,87,松尾芭蕉が『おくのほそ道』の旅の途中で、疲れを癒すために灸をすえたとつづった、ひざ下にあるツボは何？,足三里,三里,松尾芭蕉が『おくのほそ道』の旅の途中で、疲れを癒すために灸をすえたとつづった、ひざ下にあるツボは何?,"['足三里', '三里']"
AIO04-0088,第4回AI王,2023/09/01,開発用データ,88,襟とカフス部分が白無地で、身頃が柄または色無地のシャツのことを、「聖職者」という意味の英語を用いて何という？,クレリックシャツ,クレリック,襟とカフス部分が白無地で、身頃が柄または色無地のシャツのことを、「聖職者」という意味の英語を用いて何という?,"['クレリックシャツ', 'クレリック']"
AIO04-0089,第4回AI王,2023/09/01,開発用データ,89,ライオンやウマなどの動物にみられる、強い臭いを嗅いだ時などに唇を釣り上げる生理反応を何という？,フレーメン反応,フレーメン,ライオンやウマなどの動物にみられる、強い臭いを嗅いだ時などに唇を釣り上げる生理反応を何という?,"['フレーメン反応', 'フレーメン']"
AIO04-0090,第4回AI王,2023/09/01,開発用データ,90,ヒトラーがモデルとされる、チャップリンの映画『独裁者』に登場するトメニア国の独裁者の名前は何？,アデノイド・ヒンケル,ヒンケル,ヒトラーがモデルとされる、チャップリンの映画『独裁者』に登場するトメニア国の独裁者の名前は何?,"['アデノイド・ヒンケル', 'ヒンケル']"
AIO04-0091,第4回AI王,2023/09/01,開発用データ,91,神社で祈祷の際に使われる、榊の枝に紙垂や木綿を付けて作る道具は何？,玉串,玉籤,神社で祈祷の際に使われる、榊の枝に紙垂や木綿を付けて作る道具は何?,"['玉串', '玉籤']"
AIO04-0092,第4回AI王,2023/09/01,開発用データ,92,カーリングで、ストーンの速度や方向を調整するために、リンクをブラシで磨く動作を何という？,スイープ,スウィープ,カーリングで、ストーンの速度や方向を調整するために、リンクをブラシで磨く動作を何という?,"['スイープ', 'スウィープ']"
AIO04-0093,第4回AI王,2023/09/01,開発用データ,93,かつての音楽番組『ザ・ベストテン』で、12週連続1位の最高記録をもつ、寺尾聰のヒット曲は何？,ルビーの指環,,かつての音楽番組『ザ・ベストテン』で、12週連続1位の最高記録をもつ、寺尾聰のヒット曲は何?,['ルビーの指環']
AIO04-0094,第4回AI王,2023/09/01,開発用データ,94,かつては「インドアサッカー」とも呼ばれていた、1チーム5人制で行うミニサッカーは何？,フットサル,,かつては「インドアサッカー」とも呼ばれていた、1チーム5人制で行うミニサッカーは何?,['フットサル']
AIO04-0095,第4回AI王,2023/09/01,開発用データ,95,物を贈呈する際、実物の代わりとして一時的に渡す、品名が書かれた文書や熨斗袋を何という？,目録,,物を贈呈する際、実物の代わりとして一時的に渡す、品名が書かれた文書や熨斗袋を何という?,['目録']
AIO04-0096,第4回AI王,2023/09/01,開発用データ,96,ロープなどのひも状のものの両端を持った際に、ひもが垂れてできる曲線を何という？,カテナリー曲線,"カテナリー, 懸垂曲線, 懸垂線",ロープなどのひも状のものの両端を持った際に、ひもが垂れてできる曲線を何という?,"['カテナリー曲線', 'カテナリー', '懸垂曲線', '懸垂線']"
AIO04-0097,第4回AI王,2023/09/01,開発用データ,97,もともとは土佐の漁師で、漂流中にアメリカの船に助けられ、帰国後、江戸幕府に仕えて翻訳や通訳を行った人物は誰？,ジョン万次郎,中浜万次郎,もともとは土佐の漁師で、漂流中にアメリカの船に助けられ、帰国後、江戸幕府に仕えて翻訳や通訳を行った人物は誰?,"['ジョン万次郎', '中浜万次郎']"
AIO04-0098,第4回AI王,2023/09/01,開発用データ,98,1861年に農奴解放令を発布して農奴制を廃止した、ロシア・ロマノフ朝の皇帝は誰？,アレクサンドル2世,,1861年に農奴解放令を発布して農奴制を廃止した、ロシア・ロマノフ朝の皇帝は誰?,['アレクサンドル2世']
AIO04-0099,第4回AI王,2023/09/01,開発用データ,99,1922年に墓が発掘され、黄金のマスクをかぶったミイラが発見された、古代エジプト第18王朝の王は誰？,ツタンカーメン,トゥトアンクアメン,1922年に墓が発掘され、黄金のマスクをかぶったミイラが発見された、古代エジプト第18王朝の王は誰?,"['ツタンカーメン', 'トゥトアンクアメン']"
AIO04-0100,第4回AI王,2023/09/01,開発用データ,100,若いころにはキリコやピカソの贋作を手がけていたスペイン生まれの画家で、絵画技法の一種・デカルコマニーの考案で知られるのは誰？,オスカー・ドミンゲス,"ドミンゲス, オスカル・ドミンゲス",若いころにはキリコやピカソの贋作を手がけていたスペイン生まれの画家で、絵画技法の一種・デカルコマニーの考案で知られるのは誰?,"['オスカー・ドミンゲス', 'ドミンゲス', 'オスカル・ドミンゲス']"
AIO04-0101,第4回AI王,2023/09/01,開発用データ,101,奄美大島で製造されている焼酎「龍宮」「里の曙」「れんと」の主な原料は何？,黒糖,,奄美大島で製造されている焼酎「龍宮」「里の曙」「れんと」の主な原料は何?,['黒糖']
AIO04-0102,第4回AI王,2023/09/01,開発用データ,102,甘口の「ドルチェ」と辛口の「ピカンテ」の2種類に分けられる、イタリア生まれのチーズは何？,ゴルゴンゾーラ,ゴルゴンゾラ,甘口の「ドルチェ」と辛口の「ピカンテ」の2種類に分けられる、イタリア生まれのチーズは何?,"['ゴルゴンゾーラ', 'ゴルゴンゾラ']"
AIO04-0103,第4回AI王,2023/09/01,開発用データ,103,将来盲導犬となる子犬を引き取り、1歳ごろまで育てる里親ボランティアを何という？,パピーウォーカー,パピーウオーカー,将来盲導犬となる子犬を引き取り、1歳ごろまで育てる里親ボランティアを何という?,"['パピーウォーカー', 'パピーウオーカー']"
AIO04-0104,第4回AI王,2023/09/01,開発用データ,104,森鴎外の小説『高瀬舟』で、病で苦しむ弟を殺した罪で島流しの刑を受ける主人公の名前は何？,喜助,,森鴎外の小説『高瀬舟』で、病で苦しむ弟を殺した罪で島流しの刑を受ける主人公の名前は何?,['喜助']
AIO04-0105,第4回AI王,2023/09/01,開発用データ,105,「蛙チョコレート」「バタービール」「百味ビーンズ」などの不思議な食べ物が登場する、J・K・ローリングの小説は何？,ハリー・ポッター,,「蛙チョコレート」「バタービール」「百味ビーンズ」などの不思議な食べ物が登場する、J・K・ローリングの小説は何?,['ハリー・ポッター']
AIO04-0106,第4回AI王,2023/09/01,開発用データ,106,民間の金融機関が、一時的な資金不足に陥った際に短期的に資金を調整する市場のことを何という？,コール市場,コールマーケット,民間の金融機関が、一時的な資金不足に陥った際に短期的に資金を調整する市場のことを何という?,"['コール市場', 'コールマーケット']"
AIO04-0107,第4回AI王,2023/09/01,開発用データ,107,若いころはギタリストとして活動していた作家で、42歳の時に執筆したデビュー小説『楢山節考』で知られるのは誰？,深沢七郎,,若いころはギタリストとして活動していた作家で、42歳の時に執筆したデビュー小説『楢山節考』で知られるのは誰?,['深沢七郎']
AIO04-0108,第4回AI王,2023/09/01,開発用データ,108,太陽系の惑星で、自転周期のほうが公転周期よりも長い唯一の星は何？,金星,,太陽系の惑星で、自転周期のほうが公転周期よりも長い唯一の星は何?,['金星']
AIO04-0109,第4回AI王,2023/09/01,開発用データ,109,地震の初期微動継続時間から震源地までの距離を求める公式を、1899年にこの公式を発表した地震学者の名前から何という？,大森公式,,地震の初期微動継続時間から震源地までの距離を求める公式を、1899年にこの公式を発表した地震学者の名前から何という?,['大森公式']
AIO04-0110,第4回AI王,2023/09/01,開発用データ,110,日本語では「誘引突起」とよばれる、チョウチンアンコウの頭についている、エサをおびき寄せる突起を何という？,イリシウム,,日本語では「誘引突起」とよばれる、チョウチンアンコウの頭についている、エサをおびき寄せる突起を何という?,['イリシウム']
AIO04-0111,第4回AI王,2023/09/01,開発用データ,111,安土桃山時代に、「醍醐の花見」や「北野大茶湯」と呼ばれる会を主催した武将は誰？,豊臣秀吉,,安土桃山時代に、「醍醐の花見」や「北野大茶湯」と呼ばれる会を主催した武将は誰?,['豊臣秀吉']
AIO04-0112,第4回AI王,2023/09/01,開発用データ,112,鎌倉市に本社を置く豊島屋が製造・販売している、ある鳥の形をしたお菓子は何？,鳩サブレー,,鎌倉市に本社を置く豊島屋が製造・販売している、ある鳥の形をしたお菓子は何?,['鳩サブレー']
AIO04-0113,第4回AI王,2023/09/01,開発用データ,113,フランス語で「葵」という意味がある、口紅などの色味に用いられる、薄く灰色がかった紫色を指す言葉は何？,モーブ,モーベイン,フランス語で「葵」という意味がある、口紅などの色味に用いられる、薄く灰色がかった紫色を指す言葉は何?,"['モーブ', 'モーベイン']"
AIO04-0114,第4回AI王,2023/09/01,開発用データ,114,演劇専門の大学院があり、ポール・ニューマン、メリル・ストリープ、ジョディ・フォスターなど多くのハリウッド俳優を輩出している、アイビーリーグの大学はどこ？,イェール大学,,演劇専門の大学院があり、ポール・ニューマン、メリル・ストリープ、ジョディ・フォスターなど多くのハリウッド俳優を輩出している、アイビーリーグの大学はどこ?,['イェール大学']
AIO04-0115,第4回AI王,2023/09/01,開発用データ,115,「京都 大原 三千院～」という歌い出しの、デューク・エイセスの往年のヒット曲のタイトルは何？,女ひとり,,「京都 大原 三千院〜」という歌い出しの、デューク・エイセスの往年のヒット曲のタイトルは何?,['女ひとり']
AIO04-0116,第4回AI王,2023/09/01,開発用データ,116,1974年に発生した多摩川水害を背景にした、山田太一脚本の1977年のTBSドラマは何？,岸辺のアルバム,,1974年に発生した多摩川水害を背景にした、山田太一脚本の1977年のTBSドラマは何?,['岸辺のアルバム']
AIO04-0117,第4回AI王,2023/09/01,開発用データ,117,選挙戦において、敵対候補の欠点や政策の批判を行うことで、自身の優位性を訴えることを、「何キャンペーン」という？,ネガティブ・キャンペーン,ネガティブ,選挙戦において、敵対候補の欠点や政策の批判を行うことで、自身の優位性を訴えることを、「何キャンペーン」という?,"['ネガティブ・キャンペーン', 'ネガティブ']"
AIO04-0118,第4回AI王,2023/09/01,開発用データ,118,トロイア戦争後に帰途につく主人公を描いた、『イリアス』の続編にあたる、ホメロスの叙事詩は何？,オデュッセイア,"オデッセイ, オデッセー",トロイア戦争後に帰途につく主人公を描いた、『イリアス』の続編にあたる、ホメロスの叙事詩は何?,"['オデュッセイア', 'オデッセイ', 'オデッセー']"
AIO04-0119,第4回AI王,2023/09/01,開発用データ,119,毎年5月から6月にかけて社交ダンスの世界最高峰の競技会が行われるイギリスの町はどこ？,ブラックプール,,毎年5月から6月にかけて社交ダンスの世界最高峰の競技会が行われるイギリスの町はどこ?,['ブラックプール']
AIO04-0120,第4回AI王,2023/09/01,開発用データ,120,夜空の星座で、ポーランド王のソビエスキーが持っていた武器がモチーフになったとされるのは何座？,たて座,"盾座, たて, 盾",夜空の星座で、ポーランド王のソビエスキーが持っていた武器がモチーフになったとされるのは何座?,"['たて座', '盾座', 'たて', '盾']"
AIO04-0121,第4回AI王,2023/09/01,開発用データ,121,まっしぐら、青天の霹靂、つがるロマンは、いずれもどこの都道府県のブランド米？,青森県,青森,まっしぐら、青天の霹靂、つがるロマンは、いずれもどこの都道府県のブランド米?,"['青森県', '青森']"
AIO04-0122,第4回AI王,2023/09/01,開発用データ,122,毎年11月の第1火曜日にオーストラリアのフレミントン競馬場で開催される、オーストラリアの最高賞金額レースは何？,メルボルンカップ,,毎年11月の第1火曜日にオーストラリアのフレミントン競馬場で開催される、オーストラリアの最高賞金額レースは何?,['メルボルンカップ']
AIO04-0123,第4回AI王,2023/09/01,開発用データ,123,ポリエチレンなどのプラスチック素材でつくられた造花のことを、日本がかつて造花を多く輸入していたアジアの地域から「何フラワー」という？,ホンコンフラワー,"香港フラワー, ホンコン, 香港",ポリエチレンなどのプラスチック素材でつくられた造花のことを、日本がかつて造花を多く輸入していたアジアの地域から「何フラワー」という?,"['ホンコンフラワー', '香港フラワー', 'ホンコン', '香港']"
AIO04-0124,第4回AI王,2023/09/01,開発用データ,124,1981年に刊行された小説『占星術殺人事件』で初登場した、島田荘司が生み出した名探偵は誰？,御手洗潔,,1981年に刊行された小説『占星術殺人事件』で初登場した、島田荘司が生み出した名探偵は誰?,['御手洗潔']
AIO04-0125,第4回AI王,2023/09/01,開発用データ,125,鳴き声が「テッペンカケタカ」「トッキョキョカキョク」などと聞こえる、「夏告鳥」と呼ばれる鳥は何？,ホトトギス,"ほととぎす, 時鳥, 杜鵑, 不如帰",鳴き声が「テッペンカケタカ」「トッキョキョカキョク」などと聞こえる、「夏告鳥」と呼ばれる鳥は何?,"['ホトトギス', 'ほととぎす', '時鳥', '杜鵑', '不如帰']"
AIO04-0126,第4回AI王,2023/09/01,開発用データ,126,サーファーのような格好をしているものの、実際にはサーフィンをしない人を俗に何という？,陸サーファー,,サーファーのような格好をしているものの、実際にはサーフィンをしない人を俗に何という?,['陸サーファー']
AIO04-0127,第4回AI王,2023/09/01,開発用データ,127,1911年にイエズス会が設置した日本初のカトリック系高等教育機関を起源とする、「ソフィア」という愛称で知られる大学は何？,上智大学,,1911年にイエズス会が設置した日本初のカトリック系高等教育機関を起源とする、「ソフィア」という愛称で知られる大学は何?,['上智大学']
AIO04-0128,第4回AI王,2023/09/01,開発用データ,128,ミュージカルなどの舞台で、メインキャスト以外の役者がこれより前に出てはならないという目印として引かれる線を何という？,コーラスライン,,ミュージカルなどの舞台で、メインキャスト以外の役者がこれより前に出てはならないという目印として引かれる線を何という?,['コーラスライン']
AIO04-0129,第4回AI王,2023/09/01,開発用データ,129,著書『生命の起源』で知られる、初めて生命の起源を科学的に提唱したソ連の科学者は誰？,アレクサンドル・オパーリン,"オパーリン, アレクサンドル・イヴァノヴィッチ・オパーリン",著書『生命の起源』で知られる、初めて生命の起源を科学的に提唱したソ連の科学者は誰?,"['アレクサンドル・オパーリン', 'オパーリン', 'アレクサンドル・イヴァノヴィッチ・オパーリン']"
AIO04-0130,第4回AI王,2023/09/01,開発用データ,130,子どもの命名をし、家族で祝う風習がある、赤ちゃんが生まれてから7日目のお祝いを何という？,お七夜,御七夜,子どもの命名をし、家族で祝う風習がある、赤ちゃんが生まれてから7日目のお祝いを何という?,"['お七夜', '御七夜']"
AIO04-0131,第4回AI王,2023/09/01,開発用データ,131,国家の機能が最小限に制限されている自由主義国家のことを、政治学者ラッサールの言葉から何という？,夜警国家,,国家の機能が最小限に制限されている自由主義国家のことを、政治学者ラッサールの言葉から何という?,['夜警国家']
AIO04-0132,第4回AI王,2023/09/01,開発用データ,132,事態が込み入っている様子を、道がくねくねと曲がりくねった状態を意味する四字熟語で何という？,紆余曲折,,事態が込み入っている様子を、道がくねくねと曲がりくねった状態を意味する四字熟語で何という?,['紆余曲折']
AIO04-0133,第4回AI王,2023/09/01,開発用データ,133,消しゴム付き鉛筆で、消しゴムを固定するための金属のパーツを何という？,フェルール,ヘルール,消しゴム付き鉛筆で、消しゴムを固定するための金属のパーツを何という?,"['フェルール', 'ヘルール']"
AIO04-0134,第4回AI王,2023/09/01,開発用データ,134,蓄音機で亡くなった昔の飼い主の声を聞いている姿が描かれている、ビクターのロゴマークのフォックス・テリアの名前は何？,ニッパー,,蓄音機で亡くなった昔の飼い主の声を聞いている姿が描かれている、ビクターのロゴマークのフォックス・テリアの名前は何?,['ニッパー']
AIO04-0135,第4回AI王,2023/09/01,開発用データ,135,『ハクナ・マタタ』や『サークル・オブ・ライフ』などの劇中歌で知られるミュージカルは何？,ライオンキング,,『ハクナ・マタタ』や『サークル・オブ・ライフ』などの劇中歌で知られるミュージカルは何?,['ライオンキング']
AIO04-0136,第4回AI王,2023/09/01,開発用データ,136,1204年に京都で観測されたと思われるオーロラに関する記述がある、鎌倉時代の貴族・藤原定家の日記は何？,明月記,,1204年に京都で観測されたと思われるオーロラに関する記述がある、鎌倉時代の貴族・藤原定家の日記は何?,['明月記']
AIO04-0137,第4回AI王,2023/09/01,開発用データ,137,赤穂浪士の吉良邸討ち入り事件を題材として、竹田出雲らによって書かれた、塩冶判官、高師直、大星由良之助などの人物が登場する人形浄瑠璃は何？,仮名手本忠臣蔵,忠臣蔵,赤穂浪士の吉良邸討ち入り事件を題材として、竹田出雲らによって書かれた、塩冶判官、高師直、大星由良之助などの人物が登場する人形浄瑠璃は何?,"['仮名手本忠臣蔵', '忠臣蔵']"
AIO04-0138,第4回AI王,2023/09/01,開発用データ,138,大きな透明の球体の中に入り、丘などで転がって楽しむ、ニュージーランド生まれのスポーツは何？,ゾービング,ゾーブ,大きな透明の球体の中に入り、丘などで転がって楽しむ、ニュージーランド生まれのスポーツは何?,"['ゾービング', 'ゾーブ']"
AIO04-0139,第4回AI王,2023/09/01,開発用データ,139,叫び声でガラスを割る能力を持つ、ギュンター・グラスの小説『ブリキの太鼓』に登場する主人公の名前は何？,オスカル・マツェラート,マツェラート,叫び声でガラスを割る能力を持つ、ギュンター・グラスの小説『ブリキの太鼓』に登場する主人公の名前は何?,"['オスカル・マツェラート', 'マツェラート']"
AIO04-0140,第4回AI王,2023/09/01,開発用データ,140,1文字目の漢字の部首は正確には「あなかんむり」であるものの、警察用語では「うかんむり」といわれる犯罪は何？,窃盗,,1文字目の漢字の部首は正確には「あなかんむり」であるものの、警察用語では「うかんむり」といわれる犯罪は何?,['窃盗']
AIO04-0141,第4回AI王,2023/09/01,開発用データ,141,九州7県で、福岡県に次いで2番目に人口が多い県はどこ？,熊本県,熊本,九州7県で、福岡県に次いで2番目に人口が多い県はどこ?,"['熊本県', '熊本']"
AIO04-0142,第4回AI王,2023/09/01,開発用データ,142,和歌のことを「敷島の道」といいますが、連歌のことを「どこの道」という？,筑波の道,筑波,和歌のことを「敷島の道」といいますが、連歌のことを「どこの道」という?,"['筑波の道', '筑波']"
AIO04-0143,第4回AI王,2023/09/01,開発用データ,143,トランプのポーカーで、賭け金を釣り上げるため、相手よりも多くチップを出すことを何という？,レイズ,,トランプのポーカーで、賭け金を釣り上げるため、相手よりも多くチップを出すことを何という?,['レイズ']
AIO04-0144,第4回AI王,2023/09/01,開発用データ,144,靴の甲の部分をU字型にぬい合わせることから、その縫い方の名前がつけられた、北米の先住民が履いていた1枚皮のスリッポンシューズに由来する靴は何？,モカシン,モカシンシューズ,靴の甲の部分をU字型にぬい合わせることから、その縫い方の名前がつけられた、北米の先住民が履いていた1枚皮のスリッポンシューズに由来する靴は何?,"['モカシン', 'モカシンシューズ']"
AIO04-0145,第4回AI王,2023/09/01,開発用データ,145,野球のピッチャーを評価する時などにいう、物を投げるときに必要な「持ち前の肩の力」を指す言葉は何？,地肩,,野球のピッチャーを評価する時などにいう、物を投げるときに必要な「持ち前の肩の力」を指す言葉は何?,['地肩']
AIO04-0146,第4回AI王,2023/09/01,開発用データ,146,スポーツなどで、4チームでトーナメントを行う場合の試合数は全部で3試合ですが、4チームでリーグ戦を行う場合の試合数は全部で何試合になる？,6試合,6,スポーツなどで、4チームでトーナメントを行う場合の試合数は全部で3試合ですが、4チームでリーグ戦を行う場合の試合数は全部で何試合になる?,"['6試合', '6']"
AIO04-0147,第4回AI王,2023/09/01,開発用データ,147,シベリア地方など北半球の亜寒帯に広がる針葉樹林のことを、ロシア語で何という？,タイガ,,シベリア地方など北半球の亜寒帯に広がる針葉樹林のことを、ロシア語で何という?,['タイガ']
AIO04-0148,第4回AI王,2023/09/01,開発用データ,148,祇園祭や天神祭などで出され、関西の夏の味覚として知られる、「骨切り」という独特の調理法が用いられる魚といえば何？,ハモ,"はも, 鱧",祇園祭や天神祭などで出され、関西の夏の味覚として知られる、「骨切り」という独特の調理法が用いられる魚といえば何?,"['ハモ', 'はも', '鱧']"
AIO04-0149,第4回AI王,2023/09/01,開発用データ,149,『富嶽三十六景』、パラジウム、ジョー・バイデン、乃木坂から連想される数字はいくつ？,46,,『富嶽三十六景』、パラジウム、ジョー・バイデン、乃木坂から連想される数字はいくつ?,['46']
AIO04-0150,第4回AI王,2023/09/01,開発用データ,150,ギネスワールドレコードに登録されている、世界一小さいミカンと世界一大きなダイコンの名前に共通してつく地名は何？,桜島,,ギネスワールドレコードに登録されている、世界一小さいミカンと世界一大きなダイコンの名前に共通してつく地名は何?,['桜島']
AIO04-0151,第4回AI王,2023/09/01,開発用データ,151,日本における映画鑑賞の年齢制限のレイティングシステムで、すべての年齢層が視聴できることを示すアルファベット1文字は何？,G,,日本における映画鑑賞の年齢制限のレイティングシステムで、すべての年齢層が視聴できることを示すアルファベット1文字は何?,['G']
AIO04-0152,第4回AI王,2023/09/01,開発用データ,152,大阪市浪速区の「南陽通商店街」のことを、かつて楽器を鳴らして客を呼んだことから何という？,ジャンジャン横丁,,大阪市浪速区の「南陽通商店街」のことを、かつて楽器を鳴らして客を呼んだことから何という?,['ジャンジャン横丁']
AIO04-0153,第4回AI王,2023/09/01,開発用データ,153,英語では「キャッツクレイドル」という、漫画『ドラえもん』でのび太が得意とする遊びは何？,あやとり,綾取り,英語では「キャッツクレイドル」という、漫画『ドラえもん』でのび太が得意とする遊びは何?,"['あやとり', '綾取り']"
AIO04-0154,第4回AI王,2023/09/01,開発用データ,154,ラテンアメリカにおいて、ヨーロッパ系の白人とアフリカ系の黒人の間に生まれた子どもを何という？,ムラート,ムラト,ラテンアメリカにおいて、ヨーロッパ系の白人とアフリカ系の黒人の間に生まれた子どもを何という?,"['ムラート', 'ムラト']"
AIO04-0155,第4回AI王,2023/09/01,開発用データ,155,アルファベット2文字で「PV」と表される、インターネットのサイトに何人の人がアクセスしたかを示す単位は何？,ページビュー,,アルファベット2文字で「PV」と表される、インターネットのサイトに何人の人がアクセスしたかを示す単位は何?,['ページビュー']
AIO04-0156,第4回AI王,2023/09/01,開発用データ,156,タブーとされる箸使いのひとつで、箸をくぐらせて魚の骨の隙間にある下身を食べることを何という？,透かし箸,,タブーとされる箸使いのひとつで、箸をくぐらせて魚の骨の隙間にある下身を食べることを何という?,['透かし箸']
AIO04-0157,第4回AI王,2023/09/01,開発用データ,157,吉田松陰や大塩平八郎らが学んだ、学問だけでなく実践が重要であるとした儒学の一派は何？,陽明学,王学,吉田松陰や大塩平八郎らが学んだ、学問だけでなく実践が重要であるとした儒学の一派は何?,"['陽明学', '王学']"
AIO04-0158,第4回AI王,2023/09/01,開発用データ,158,肉、魚、野菜などに幅広く使えることから「三つの用途」という意味で名付けられた、家庭用の包丁を何という？,三徳包丁,,肉、魚、野菜などに幅広く使えることから「三つの用途」という意味で名付けられた、家庭用の包丁を何という?,['三徳包丁']
AIO04-0159,第4回AI王,2023/09/01,開発用データ,159,1月26日の命日は「寒梅忌」と呼ばれる、代表作『蝉しぐれ』や『隠し剣』シリーズで知られる作家は誰？,藤沢周平,,1月26日の命日は「寒梅忌」と呼ばれる、代表作『蝉しぐれ』や『隠し剣』シリーズで知られる作家は誰?,['藤沢周平']
AIO04-0160,第4回AI王,2023/09/01,開発用データ,160,薬品や化粧品、アルコールなどを皮膚に貼って、体質に合うかどうかを調べるテストを英語で何という？,パッチテスト,,薬品や化粧品、アルコールなどを皮膚に貼って、体質に合うかどうかを調べるテストを英語で何という?,['パッチテスト']
AIO04-0161,第4回AI王,2023/09/01,開発用データ,161,「日本数学検定協会」のシンボルマークのモチーフになったギリシャ文字は何？,π,パイ,「日本数学検定協会」のシンボルマークのモチーフになったギリシャ文字は何?,"['π', 'パイ']"
AIO04-0162,第4回AI王,2023/09/01,開発用データ,162,創業者の名前に由来する、レインコートやキルティングジャケットで知られるイギリスのブランドは何？,マッキントッシュ,Mackintosh,創業者の名前に由来する、レインコートやキルティングジャケットで知られるイギリスのブランドは何?,"['マッキントッシュ', 'Mackintosh']"
AIO04-0163,第4回AI王,2023/09/01,開発用データ,163,「刑事コロンボ」シリーズや「古畑任三郎」シリーズのように、犯人が主人公として描かれ、それを探偵や刑事が追うという形式のミステリーを何という？,倒叙物,"倒叙, 倒叙ミステリー",「刑事コロンボ」シリーズや「古畑任三郎」シリーズのように、犯人が主人公として描かれ、それを探偵や刑事が追うという形式のミステリーを何という?,"['倒叙物', '倒叙', '倒叙ミステリー']"
AIO04-0164,第4回AI王,2023/09/01,開発用データ,164,超音速で飛ぶ飛行機の衝撃波が地上に達して起こる爆発音を何という？,ソニックブーム,,超音速で飛ぶ飛行機の衝撃波が地上に達して起こる爆発音を何という?,['ソニックブーム']
AIO04-0165,第4回AI王,2023/09/01,開発用データ,165,飛行機の墜落事故で無人島に取り残された男女のサバイバル生活を描いた、2004年から2010年まで放送されていたアメリカのドラマシリーズは何？,LOST,ロスト,飛行機の墜落事故で無人島に取り残された男女のサバイバル生活を描いた、2004年から2010年まで放送されていたアメリカのドラマシリーズは何?,"['LOST', 'ロスト']"
AIO04-0166,第4回AI王,2023/09/01,開発用データ,166,音楽家でヨハン・シュトラウスはオーストリアの人ですが、リヒャルト・シュトラウスはどこの国の人？,ドイツ,ドイツ連邦共和国,音楽家でヨハン・シュトラウスはオーストリアの人ですが、リヒャルト・シュトラウスはどこの国の人?,"['ドイツ', 'ドイツ連邦共和国']"
AIO04-0167,第4回AI王,2023/09/01,開発用データ,167,熊本県八代市の特産品として知られる、厚い皮とほどよい酸味が特徴的なザボンの一種の柑橘類は何？,晩白柚,"ばんぺいゆ, バンペイユ",熊本県八代市の特産品として知られる、厚い皮とほどよい酸味が特徴的なザボンの一種の柑橘類は何?,"['晩白柚', 'ばんぺいゆ', 'バンペイユ']"
AIO04-0168,第4回AI王,2023/09/01,開発用データ,168,アクセサリーなどに用いられる、銀の含有率が92.5％の銀合金を何という？,スターリングシルバー,,アクセサリーなどに用いられる、銀の含有率が92.5%の銀合金を何という?,['スターリングシルバー']
AIO04-0169,第4回AI王,2023/09/01,開発用データ,169,国際民間航空機関（ICAO）の設立を目的として結ばれた国際民間航空条約のことを、1944年に締結されたアメリカの都市から何条約という？,シカゴ条約,シカゴ,国際民間航空機関の設立を目的として結ばれた国際民間航空条約のことを、1944年に締結されたアメリカの都市から何条約という?,"['シカゴ条約', 'シカゴ']"
AIO04-0170,第4回AI王,2023/09/01,開発用データ,170,チョコレートで村人たちを魅了する主人公・ヴィアンヌを描いた、2000年の映画は何？,ショコラ,,チョコレートで村人たちを魅了する主人公・ヴィアンヌを描いた、2000年の映画は何?,['ショコラ']
AIO04-0171,第4回AI王,2023/09/01,開発用データ,171,巧みな演奏から「鍵盤の獅子王」と呼ばれた、ベートーベンの直系の弟子であったことでも知られるピアニストは誰？,ヴィルヘルム・バックハウス,バックハウス,巧みな演奏から「鍵盤の獅子王」と呼ばれた、ベートーベンの直系の弟子であったことでも知られるピアニストは誰?,"['ヴィルヘルム・バックハウス', 'バックハウス']"
AIO04-0172,第4回AI王,2023/09/01,開発用データ,172,文房具のブランドで、ロディアといえばフランスのメーカーですが、モレスキンといえばどこの国のメーカー？,イタリア,イタリア共和国,文房具のブランドで、ロディアといえばフランスのメーカーですが、モレスキンといえばどこの国のメーカー?,"['イタリア', 'イタリア共和国']"
AIO04-0173,第4回AI王,2023/09/01,開発用データ,173,デモや集会などで、参加者が一斉にスローガンなどを唱和することを、ドイツ語で何という？,シュプレヒコール,,デモや集会などで、参加者が一斉にスローガンなどを唱和することを、ドイツ語で何という?,['シュプレヒコール']
AIO04-0174,第4回AI王,2023/09/01,開発用データ,174,ヒキガエル、モグラ、女の子、チューリップから連想される童話は何？,親指姫,,ヒキガエル、モグラ、女の子、チューリップから連想される童話は何?,['親指姫']
AIO04-0175,第4回AI王,2023/09/01,開発用データ,175,1952年にイギリスのテニスプレーヤーによって創設された、月桂樹のロゴで知られるアパレルブランドは何？,フレッドペリー,,1952年にイギリスのテニスプレーヤーによって創設された、月桂樹のロゴで知られるアパレルブランドは何?,['フレッドペリー']
AIO04-0176,第4回AI王,2023/09/01,開発用データ,176,親鸞とその弟子の唯円を描いた、倉田百三の戯曲は何？,出家とその弟子,,親鸞とその弟子の唯円を描いた、倉田百三の戯曲は何?,['出家とその弟子']
AIO04-0177,第4回AI王,2023/09/01,開発用データ,177,「オランダガラシ」という別名もある、肉料理のつけ合わせなどによく使われる野菜は何？,クレソン,"クレッソン, クレス",「オランダガラシ」という別名もある、肉料理のつけ合わせなどによく使われる野菜は何?,"['クレソン', 'クレッソン', 'クレス']"
AIO04-0178,第4回AI王,2023/09/01,開発用データ,178,日本語では「方尖塔」と訳される、古代エジプトで神殿の門前に立てられた記念碑を何という？,オベリスク,,日本語では「方尖塔」と訳される、古代エジプトで神殿の門前に立てられた記念碑を何という?,['オベリスク']
AIO04-0179,第4回AI王,2023/09/01,開発用データ,179,デザイナーの田島司が生み出した、バレーボールワールドカップのマスコットキャラクターは何？,バボちゃん,,デザイナーの田島司が生み出した、バレーボールワールドカップのマスコットキャラクターは何?,['バボちゃん']
AIO04-0180,第4回AI王,2023/09/01,開発用データ,180,東北地方で、北上川に次いで2番目に長い川は何？,阿武隈川,,東北地方で、北上川に次いで2番目に長い川は何?,['阿武隈川']
AIO04-0181,第4回AI王,2023/09/01,開発用データ,181,「水治療」などと訳される、温泉水を利用した伝統的な病気治療のことをフランス語で何という？,テルマリズム,,「水治療」などと訳される、温泉水を利用した伝統的な病気治療のことをフランス語で何という?,['テルマリズム']
AIO04-0182,第4回AI王,2023/09/01,開発用データ,182,沈没する豪華客船を舞台に、ジャックとローズの悲恋を描いた、1997年の映画は何？,タイタニック,,沈没する豪華客船を舞台に、ジャックとローズの悲恋を描いた、1997年の映画は何?,['タイタニック']
AIO04-0183,第4回AI王,2023/09/01,開発用データ,183,「智恵子は東京に空が無いといふ」という一節が有名な、高村光太郎の詩の題名は何？,あどけない話,,「智恵子は東京に空が無いといふ」という一節が有名な、高村光太郎の詩の題名は何?,['あどけない話']
AIO04-0184,第4回AI王,2023/09/01,開発用データ,184,批判禁止、質より量、自由奔放、結合便乗という4つの原則に基づいて行われる、ある課題に対して参加者が意見を出し合い、多彩なアイデアを出す会議の方法を何という？,ブレインストーミング,ブレーンストーミング,批判禁止、質より量、自由奔放、結合便乗という4つの原則に基づいて行われる、ある課題に対して参加者が意見を出し合い、多彩なアイデアを出す会議の方法を何という?,"['ブレインストーミング', 'ブレーンストーミング']"
AIO04-0185,第4回AI王,2023/09/01,開発用データ,185,政治家の浅沼稲次郎が結婚式の媒酌人を務めたことでも知られる、日本人初のボクシング世界チャンピオンは誰？,白井義男,,政治家の浅沼稲次郎が結婚式の媒酌人を務めたことでも知られる、日本人初のボクシング世界チャンピオンは誰?,['白井義男']
AIO04-0186,第4回AI王,2023/09/01,開発用データ,186,咽頭炎などの際にのどに塗布する、ヨウ素とヨウ化カリウムを水に溶かした液体を、初めて用いたフランスの医師の名前から何という？,ルゴール液,,咽頭炎などの際にのどに塗布する、ヨウ素とヨウ化カリウムを水に溶かした液体を、初めて用いたフランスの医師の名前から何という?,['ルゴール液']
AIO04-0187,第4回AI王,2023/09/01,開発用データ,187,インド南部とセイロン島の間にある海峡は何？,ポーク海峡,ポーク,インド南部とセイロン島の間にある海峡は何?,"['ポーク海峡', 'ポーク']"
AIO04-0188,第4回AI王,2023/09/01,開発用データ,188,インフルエンザなどのウイルスにみられる、タンパク質や脂質でできた膜のことを、「封筒」という意味の英語で何という？,エンベロープ,,インフルエンザなどのウイルスにみられる、タンパク質や脂質でできた膜のことを、「封筒」という意味の英語で何という?,['エンベロープ']
AIO04-0189,第4回AI王,2023/09/01,開発用データ,189,英語で「衣服」「服装」等の意味がある、ファッション業界を指す言葉は何？,アパレル,,英語で「衣服」「服装」等の意味がある、ファッション業界を指す言葉は何?,['アパレル']
AIO04-0190,第4回AI王,2023/09/01,開発用データ,190,18世紀から19世紀にかけて活躍したイギリスの物理学者で、複数箇所から出た光の波動の干渉実験を行い、その実験に名を残すのは誰？,トーマス・ヤング,"ヤング, トマス・ヤング",18世紀から19世紀にかけて活躍したイギリスの物理学者で、複数箇所から出た光の波動の干渉実験を行い、その実験に名を残すのは誰?,"['トーマス・ヤング', 'ヤング', 'トマス・ヤング']"
AIO04-0191,第4回AI王,2023/09/01,開発用データ,191,背中の縞模様から「タスマニアタイガー」と呼ばれる、20世紀に絶滅したオオカミの仲間は何？,フクロオオカミ,,背中の縞模様から「タスマニアタイガー」と呼ばれる、20世紀に絶滅したオオカミの仲間は何?,['フクロオオカミ']
AIO04-0192,第4回AI王,2023/09/01,開発用データ,192,伸び縮みするロープを足首に結び、高い所から飛び下りて恐怖感を味わう、レジャー施設などで行われているアトラクションは何？,バンジージャンプ,バンジー,伸び縮みするロープを足首に結び、高い所から飛び下りて恐怖感を味わう、レジャー施設などで行われているアトラクションは何?,"['バンジージャンプ', 'バンジー']"
AIO04-0193,第4回AI王,2023/09/01,開発用データ,193,神社建築で、屋根の棟木の上に棟と直角に並べられた飾りの木を、中ぶくれした見た目がある食べ物に似ていることから何という？,鰹木,,神社建築で、屋根の棟木の上に棟と直角に並べられた飾りの木を、中ぶくれした見た目がある食べ物に似ていることから何という?,['鰹木']
AIO04-0194,第4回AI王,2023/09/01,開発用データ,194,注射用の薬剤などを無菌状態で密封するためのガラス容器のことをフランス語で何という？,アンプル,"アンプール, アンプレ",注射用の薬剤などを無菌状態で密封するためのガラス容器のことをフランス語で何という?,"['アンプル', 'アンプール', 'アンプレ']"
AIO04-0195,第4回AI王,2023/09/01,開発用データ,195,UberEatsを展開するウーバー・テクノロジーズが本社を置くアメリカの都市はどこ？,サンフランシスコ,,UberEatsを展開するウーバー・テクノロジーズが本社を置くアメリカの都市はどこ?,['サンフランシスコ']
AIO04-0196,第4回AI王,2023/09/01,開発用データ,196,日本では、第二次世界大戦中、軍服の毛皮のために輸入されたものが野生化したとされる、大型のネズミの仲間といえば何？,ヌートリア,,日本では、第二次世界大戦中、軍服の毛皮のために輸入されたものが野生化したとされる、大型のネズミの仲間といえば何?,['ヌートリア']
AIO04-0197,第4回AI王,2023/09/01,開発用データ,197,1990年のF１日本グランプリで3位入賞を果たし、日本人初の表彰台にのぼった選手は誰？,鈴木亜久里,,1990年のF1日本グランプリで3位入賞を果たし、日本人初の表彰台にのぼった選手は誰?,['鈴木亜久里']
AIO04-0198,第4回AI王,2023/09/01,開発用データ,198,メジャーリーグ、ヤンキースの永久欠番3番といえば、往年の名選手である誰にちなんだ背番号？,ベーブ・ルース,"ジョージ・ハーマン・""ベーブ"" ・ルース・ジュニア",メジャーリーグ、ヤンキースの永久欠番3番といえば、往年の名選手である誰にちなんだ背番号?,"['ベーブ・ルース', 'ジョージ・ハーマン・""ベーブ"" ・ルース・ジュニア']"
AIO04-0199,第4回AI王,2023/09/01,開発用データ,199,歴代内閣総理大臣の原敬、高橋是清、加藤友三郎らを輩出した、日本最初の本格的政党政治を行った政党は何？,立憲政友会,政友会,歴代内閣総理大臣の原敬、高橋是清、加藤友三郎らを輩出した、日本最初の本格的政党政治を行った政党は何?,"['立憲政友会', '政友会']"
AIO04-0200,第4回AI王,2023/09/01,開発用データ,200,日本語では「湿潤療法」ともいう、切り傷などのケガをパット状の絆創膏で覆い、潤った状態で治療する方法を何という？,モイストヒーリング,,日本語では「湿潤療法」ともいう、切り傷などのケガをパット状の絆創膏で覆い、潤った状態で治療する方法を何という?,['モイストヒーリング']
AIO04-0201,第4回AI王,2023/09/01,開発用データ,201,パソコンやスマホの動画や音声ソフトで画面に表示される、現在の再生位置を示すバーを何という？,シークバー,,パソコンやスマホの動画や音声ソフトで画面に表示される、現在の再生位置を示すバーを何という?,['シークバー']
AIO04-0202,第4回AI王,2023/09/01,開発用データ,202,物事の善し悪しを考えず、むやみに人の真似をすることを、古代中国の西施という女性にまつわる故事から何という？,顰みに倣う,,物事の善し悪しを考えず、むやみに人の真似をすることを、古代中国の西施という女性にまつわる故事から何という?,['顰みに倣う']
AIO04-0203,第4回AI王,2023/09/01,開発用データ,203,有川浩のシリーズ小説のタイトルで、「内乱」「危機」「革命」「戦争」の前につく言葉は何？,図書館,,有川浩のシリーズ小説のタイトルで、「内乱」「危機」「革命」「戦争」の前につく言葉は何?,['図書館']
AIO04-0204,第4回AI王,2023/09/01,開発用データ,204,マンハッタンなどのカクテルに使われる、「ニガヨモギ」という意味の名前のリキュールは何？,ベルモット,ヴェルモット,マンハッタンなどのカクテルに使われる、「ニガヨモギ」という意味の名前のリキュールは何?,"['ベルモット', 'ヴェルモット']"
AIO04-0205,第4回AI王,2023/09/01,開発用データ,205,甘く煮たサザエを刻んで卵でとじた丼料理を、発祥地である神奈川県藤沢市の地名から何という？,江の島丼,,甘く煮たサザエを刻んで卵でとじた丼料理を、発祥地である神奈川県藤沢市の地名から何という?,['江の島丼']
AIO04-0206,第4回AI王,2023/09/01,開発用データ,206,コンピュータで、文字が他の文字や意味不明な記号に変化して表示されてしまうことを何という？,文字化け,,コンピュータで、文字が他の文字や意味不明な記号に変化して表示されてしまうことを何という?,['文字化け']
AIO04-0207,第4回AI王,2023/09/01,開発用データ,207,話し上手でよく喋ることを「能弁」といいますが、話し下手で口が重いことを何という？,訥弁,,話し上手でよく喋ることを「能弁」といいますが、話し下手で口が重いことを何という?,['訥弁']
AIO04-0208,第4回AI王,2023/09/01,開発用データ,208,エチオピアでもっとも面積の広い湖で、青ナイルの源流となっているのはどこ？,タナ湖,,エチオピアでもっとも面積の広い湖で、青ナイルの源流となっているのはどこ?,['タナ湖']
AIO04-0209,第4回AI王,2023/09/01,開発用データ,209,アルテミスが放ったサソリで命を落としたと伝えられる、ギリシャ神話に登場する美男の狩人は誰？,オリオン,オーリーオーン,アルテミスが放ったサソリで命を落としたと伝えられる、ギリシャ神話に登場する美男の狩人は誰?,"['オリオン', 'オーリーオーン']"
AIO04-0210,第4回AI王,2023/09/01,開発用データ,210,1904年6月16日のダブリンで起こった出来事を、小説家志望のスティーヴン・ディーダラスと、広告取りのレオポルド・ブルームの視点から描いた、ジェイムズ・ジョイスの代表作は何？,ユリシーズ,,1904年6月16日のダブリンで起こった出来事を、小説家志望のスティーヴン・ディーダラスと、広告取りのレオポルド・ブルームの視点から描いた、ジェイムズ・ジョイスの代表作は何?,['ユリシーズ']
AIO04-0211,第4回AI王,2023/09/01,開発用データ,211,バックギャモンで使われる、各面に2、4、8、16、32、64の数字が書かれたサイコロを何という？,ダブリングキューブ,,バックギャモンで使われる、各面に2、4、8、16、32、64の数字が書かれたサイコロを何という?,['ダブリングキューブ']
AIO04-0212,第4回AI王,2023/09/01,開発用データ,212,衣にゴマをまぶした揚げ物のことを、青森県と岩手県にまたがるゴマの名産地にちなんで何という？,南部揚げ,,衣にゴマをまぶした揚げ物のことを、青森県と岩手県にまたがるゴマの名産地にちなんで何という?,['南部揚げ']
AIO04-0213,第4回AI王,2023/09/01,開発用データ,213,ビーチサンダルのハワイアナスを製造するアルパルガタス社がある国はどこ？,ブラジル,ブラジル連邦共和国,ビーチサンダルのハワイアナスを製造するアルパルガタス社がある国はどこ?,"['ブラジル', 'ブラジル連邦共和国']"
AIO04-0214,第4回AI王,2023/09/01,開発用データ,214,野球やサッカーで、試合に出場する機会の少ない補欠選手のことを、「座席をあたためる人」という意味で何という？,ベンチウォーマー,,野球やサッカーで、試合に出場する機会の少ない補欠選手のことを、「座席をあたためる人」という意味で何という?,['ベンチウォーマー']
AIO04-0215,第4回AI王,2023/09/01,開発用データ,215,気象庁の天気予報で用いる1日の時間区分で、18時から21時ごろを「夜のはじめごろ」といいますが、21時から24時ごろは何という？,夜遅く,,気象庁の天気予報で用いる1日の時間区分で、18時から21時ごろを「夜のはじめごろ」といいますが、21時から24時ごろは何という?,['夜遅く']
AIO04-0216,第4回AI王,2023/09/01,開発用データ,216,トム・クルーズ演じる主人公がシェーカーを投げるシーンが話題となった、1988年の映画は何？,カクテル,,トム・クルーズ演じる主人公がシェーカーを投げるシーンが話題となった、1988年の映画は何?,['カクテル']
AIO04-0217,第4回AI王,2023/09/01,開発用データ,217,花の形が馬の顔に似ていることから名付けられた、「高山植物の女王」とも呼ばれる花は何？,コマクサ,"こまくさ, 駒草",花の形が馬の顔に似ていることから名付けられた、「高山植物の女王」とも呼ばれる花は何?,"['コマクサ', 'こまくさ', '駒草']"
AIO04-0218,第4回AI王,2023/09/01,開発用データ,218,1872年に日本で初めて戸籍法に基づいて編成された戸籍を、この年の干支から何という？,壬申戸籍,,1872年に日本で初めて戸籍法に基づいて編成された戸籍を、この年の干支から何という?,['壬申戸籍']
AIO04-0219,第4回AI王,2023/09/01,開発用データ,219,北海道にある2つの国立の工業大学は、室蘭工業大学とどこ？,北見工業大学,,北海道にある2つの国立の工業大学は、室蘭工業大学とどこ?,['北見工業大学']
AIO04-0220,第4回AI王,2023/09/01,開発用データ,220,日本料理に用いられるかんきつ類で、カボスは大分県の特産品ですが、スダチは何県の特産品？,徳島県,徳島,日本料理に用いられるかんきつ類で、カボスは大分県の特産品ですが、スダチは何県の特産品?,"['徳島県', '徳島']"
AIO04-0221,第4回AI王,2023/09/01,開発用データ,221,1968年のメキシコシティーオリンピックの陸上男子100mで、世界で初めて10秒の壁を破った選手は誰？,ジム・ハインズ,ハインズ,1968年のメキシコシティーオリンピックの陸上男子100mで、世界で初めて10秒の壁を破った選手は誰?,"['ジム・ハインズ', 'ハインズ']"
AIO04-0222,第4回AI王,2023/09/01,開発用データ,222,食材を湯葉に包んで揚げた料理のことを、五重塔で有名な京都のお寺にちなんで何という？,東寺揚げ,,食材を湯葉に包んで揚げた料理のことを、五重塔で有名な京都のお寺にちなんで何という?,['東寺揚げ']
AIO04-0223,第4回AI王,2023/09/01,開発用データ,223,樽見鉄道、明知鉄道、養老鉄道、長良川鉄道は、いずれもどこの都道府県を走る鉄道？,岐阜県,岐阜,樽見鉄道、明知鉄道、養老鉄道、長良川鉄道は、いずれもどこの都道府県を走る鉄道?,"['岐阜県', '岐阜']"
AIO04-0224,第4回AI王,2023/09/01,開発用データ,224,人間の眼球の形を保つ働きを持つ、眼球内部の大半をしめる無色透明のゼリー状の部分を何という？,ガラス体,硝子体,人間の眼球の形を保つ働きを持つ、眼球内部の大半をしめる無色透明のゼリー状の部分を何という?,"['ガラス体', '硝子体']"
AIO04-0225,第4回AI王,2023/09/01,開発用データ,225,中尊寺金色堂にミイラとして遺体が安置されている、源頼朝に追われた源義経をかくまい育てたことで知られる奥州藤原氏第3代当主は誰？,藤原秀衡,,中尊寺金色堂にミイラとして遺体が安置されている、源頼朝に追われた源義経をかくまい育てたことで知られる奥州藤原氏第3代当主は誰?,['藤原秀衡']
AIO04-0226,第4回AI王,2023/09/01,開発用データ,226,ストロンボリ式噴火の名前の由来となっているストロンボリ火山がある国はどこ？,イタリア,イタリア共和国,ストロンボリ式噴火の名前の由来となっているストロンボリ火山がある国はどこ?,"['イタリア', 'イタリア共和国']"
AIO04-0227,第4回AI王,2023/09/01,開発用データ,227,自動車メーカーのフィアットの創業地として知られる、イタリアでも特に優秀な技術者が集う街などといわれる都市はどこ？,トリノ,,自動車メーカーのフィアットの創業地として知られる、イタリアでも特に優秀な技術者が集う街などといわれる都市はどこ?,['トリノ']
AIO04-0228,第4回AI王,2023/09/01,開発用データ,228,フランスの陸軍次官として第一次世界大戦で活躍した人物で、1936年にフランスとドイツとの国境にひかれた要塞線にその名を残すのは誰？,アンドレ・マジノ,マジノ,フランスの陸軍次官として第一次世界大戦で活躍した人物で、1936年にフランスとドイツとの国境にひかれた要塞線にその名を残すのは誰?,"['アンドレ・マジノ', 'マジノ']"
AIO04-0229,第4回AI王,2023/09/01,開発用データ,229,世界遺産にもなっている、ガリレオ・ガリレイが落体の実験を行ったという逸話でも知られるイタリアの建造物は何？,ピサの斜塔,,世界遺産にもなっている、ガリレオ・ガリレイが落体の実験を行ったという逸話でも知られるイタリアの建造物は何?,['ピサの斜塔']
AIO04-0230,第4回AI王,2023/09/01,開発用データ,230,アイスホッケーで、選手へのペナルティとしてもっとも重い、その試合の残り時間および次回以降の試合が出場停止となる処分を何という？,マッチペナルティ,,アイスホッケーで、選手へのペナルティとしてもっとも重い、その試合の残り時間および次回以降の試合が出場停止となる処分を何という?,['マッチペナルティ']
AIO04-0231,第4回AI王,2023/09/01,開発用データ,231,1本の木の枝が、他の木の枝につき、1つの木のように木目が通じた状態になることを漢字2文字で何という？,連理,,1本の木の枝が、他の木の枝につき、1つの木のように木目が通じた状態になることを漢字2文字で何という?,['連理']
AIO04-0232,第4回AI王,2023/09/01,開発用データ,232,パキスタンとアフガニスタンの国境にある、南アジアと中央ユーラシアを結ぶ交通の要衝となった峠は何？,カイバル峠,,パキスタンとアフガニスタンの国境にある、南アジアと中央ユーラシアを結ぶ交通の要衝となった峠は何?,['カイバル峠']
AIO04-0233,第4回AI王,2023/09/01,開発用データ,233,体操のトランポリンで、2台のトランポリンで2人の選手が向かい合って技を出し合う種目を何という？,シャトル競技,シャトルゲーム,体操のトランポリンで、2台のトランポリンで2人の選手が向かい合って技を出し合う種目を何という?,"['シャトル競技', 'シャトルゲーム']"
AIO04-0234,第4回AI王,2023/09/01,開発用データ,234,北原白秋作詞の童謡『ゆりかごのうた』で、「ゆりかごのうたを歌うよ」と歌われている鳥は何？,カナリヤ,,北原白秋作詞の童謡『ゆりかごのうた』で、「ゆりかごのうたを歌うよ」と歌われている鳥は何?,['カナリヤ']
AIO04-0235,第4回AI王,2023/09/01,開発用データ,235,代表作『後円融天皇像』『北野天神縁起絵巻』で知られる戦国時代の大和絵の絵師で、土佐派の中興の祖と呼ばれるのは誰？,土佐光信,,代表作『後円融天皇像』『北野天神縁起絵巻』で知られる戦国時代の大和絵の絵師で、土佐派の中興の祖と呼ばれるのは誰?,['土佐光信']
AIO04-0236,第4回AI王,2023/09/01,開発用データ,236,コンピュータで、不正侵入を防止するためにネットワークの入口に設けるアクセス制限を何という？,ファイアウォール,"ファイアーウォール, ファイアウオール, ファイアーウオール",コンピュータで、不正侵入を防止するためにネットワークの入口に設けるアクセス制限を何という?,"['ファイアウォール', 'ファイアーウォール', 'ファイアウオール', 'ファイアーウオール']"
AIO04-0237,第4回AI王,2023/09/01,開発用データ,237,イヌサフランの根っこなどに含まれる植物ホルモンで、種なしスイカを作る時に用いられるのは何？,コルヒチン,,イヌサフランの根っこなどに含まれる植物ホルモンで、種なしスイカを作る時に用いられるのは何?,['コルヒチン']
AIO04-0238,第4回AI王,2023/09/01,開発用データ,238,ギターの演奏に合わせて踊る、スペイン・アンダルシア地方に伝わる情熱的な伝統舞踊は何？,フラメンコ,,ギターの演奏に合わせて踊る、スペイン・アンダルシア地方に伝わる情熱的な伝統舞踊は何?,['フラメンコ']
AIO04-0239,第4回AI王,2023/09/01,開発用データ,239,長さによって「マチネー」「プリンセス」「チョーカー」などに区分される、首につけるアクセサリーは何？,ネックレス,,長さによって「マチネー」「プリンセス」「チョーカー」などに区分される、首につけるアクセサリーは何?,['ネックレス']
AIO04-0240,第4回AI王,2023/09/01,開発用データ,240,人の手先となってその人をほめる人物のことを、ある照明道具を手にもって夜道を先導する役から何という？,提灯もち,提灯持ち,人の手先となってその人をほめる人物のことを、ある照明道具を手にもって夜道を先導する役から何という?,"['提灯もち', '提灯持ち']"
AIO04-0241,第4回AI王,2023/09/01,開発用データ,241,リアクション芸人の出川哲朗が「オレの相方」と語り、自身の鼻をつまませることで知られる生き物といえば何？,ザリガニ,"ざりがに, 蝲蛄",リアクション芸人の出川哲朗が「オレの相方」と語り、自身の鼻をつまませることで知られる生き物といえば何?,"['ザリガニ', 'ざりがに', '蝲蛄']"
AIO04-0242,第4回AI王,2023/09/01,開発用データ,242,エリザベス1世の侍医を務めるかたわら磁石についての研究を行い、地球が巨大な磁石であることを解明したイギリス人は誰？,ウィリアム・ギルバート,ギルバート,エリザベス1世の侍医を務めるかたわら磁石についての研究を行い、地球が巨大な磁石であることを解明したイギリス人は誰?,"['ウィリアム・ギルバート', 'ギルバート']"
AIO04-0243,第4回AI王,2023/09/01,開発用データ,243,マラソンのハイレ・ゲブレシラシエ、サッカーのフランツ・ベッケンバウアー、ゴルフのジャック・ニクラスに共通する愛称は何？,皇帝,,マラソンのハイレ・ゲブレシラシエ、サッカーのフランツ・ベッケンバウアー、ゴルフのジャック・ニクラスに共通する愛称は何?,['皇帝']
AIO04-0244,第4回AI王,2023/09/01,開発用データ,244,「物事がぷつんと途切れること」「目的地に行ってすぐに帰ること」「のんきな人」を意味する慣用句に共通して用いられる昆虫は何？,とんぼ,"トンボ, 蜻蛉",「物事がぷつんと途切れること」「目的地に行ってすぐに帰ること」「のんきな人」を意味する慣用句に共通して用いられる昆虫は何?,"['とんぼ', 'トンボ', '蜻蛉']"
AIO04-0245,第4回AI王,2023/09/01,開発用データ,245,デジタル画面で、赤・緑・青の三原色で色を表現するカラーモデルを何という？,RGB,RGBカラーモデル,デジタル画面で、赤・緑・青の三原色で色を表現するカラーモデルを何という?,"['RGB', 'RGBカラーモデル']"
AIO04-0246,第4回AI王,2023/09/01,開発用データ,246,太平洋戦争中の1943年、軍需工場を建設中に発見された、静岡市にある弥生時代の遺跡は何？,登呂遺跡,,太平洋戦争中の1943年、軍需工場を建設中に発見された、静岡市にある弥生時代の遺跡は何?,['登呂遺跡']
AIO04-0247,第4回AI王,2023/09/01,開発用データ,247,魚を姿焼きにするときに用いる、魚が泳いでいるかのようにみせる串の打ち方を何という？,踊り串,,魚を姿焼きにするときに用いる、魚が泳いでいるかのようにみせる串の打ち方を何という?,['踊り串']
AIO04-0248,第4回AI王,2023/09/01,開発用データ,248,麻しんと風しんの二種混合ワクチンのことを、アルファベット2文字を用いて何という？,MRワクチン,,麻しんと風しんの二種混合ワクチンのことを、アルファベット2文字を用いて何という?,['MRワクチン']
AIO04-0249,第4回AI王,2023/09/01,開発用データ,249,囲碁の黒石の最高級品に用いられる、三重県熊野市で産出される粘板岩は何？,那智黒石,那智黒,囲碁の黒石の最高級品に用いられる、三重県熊野市で産出される粘板岩は何?,"['那智黒石', '那智黒']"
AIO04-0250,第4回AI王,2023/09/01,開発用データ,250,オーブン、ロール、オークション、コーヒーなどの言葉の頭に共通してつく言葉は何？,ダッチ,,オーブン、ロール、オークション、コーヒーなどの言葉の頭に共通してつく言葉は何?,['ダッチ']
AIO04-0251,第4回AI王,2023/09/01,開発用データ,251,歌舞伎十八番の演目『勧進帳』で、物語の主人公として描かれている歴史上の人物は誰？,武蔵坊弁慶,弁慶,歌舞伎十八番の演目『勧進帳』で、物語の主人公として描かれている歴史上の人物は誰?,"['武蔵坊弁慶', '弁慶']"
AIO04-0252,第4回AI王,2023/09/01,開発用データ,252,694年に持統天皇の命によって建設された、日本初の本格的な都は何？,藤原京,,694年に持統天皇の命によって建設された、日本初の本格的な都は何?,['藤原京']
AIO04-0253,第4回AI王,2023/09/01,開発用データ,253,19世紀にスウェーデンで誕生した、行政に関する国民の苦情を処理する行政監察官を何という？,オンブズマン,オンブズパーソン,19世紀にスウェーデンで誕生した、行政に関する国民の苦情を処理する行政監察官を何という?,"['オンブズマン', 'オンブズパーソン']"
AIO04-0254,第4回AI王,2023/09/01,開発用データ,254,結婚記念日で結婚55年目のお祝いを、ある宝石を用いて何婚式という？,エメラルド婚式,エメラルド,結婚記念日で結婚55年目のお祝いを、ある宝石を用いて何婚式という?,"['エメラルド婚式', 'エメラルド']"
AIO04-0255,第4回AI王,2023/09/01,開発用データ,255,藤原秀郷、源為朝、那須与一は、いずれも何の武器の名手として知られる武将？,弓,,藤原秀郷、源為朝、那須与一は、いずれも何の武器の名手として知られる武将?,['弓']
AIO04-0256,第4回AI王,2023/09/01,開発用データ,256,1895年、テニスから着想を得て、アメリカのウィリアム・モルガンが考案したスポーツは何？,バレーボール,バレー,1895年、テニスから着想を得て、アメリカのウィリアム・モルガンが考案したスポーツは何?,"['バレーボール', 'バレー']"
AIO04-0257,第4回AI王,2023/09/01,開発用データ,257,昭和22年に向島区と本所区が合併して誕生した、東京スカイツリーがある東京都の区はどこ？,墨田区,,昭和22年に向島区と本所区が合併して誕生した、東京スカイツリーがある東京都の区はどこ?,['墨田区']
AIO04-0258,第4回AI王,2023/09/01,開発用データ,258,スポーツの延長戦で、どちらかのチームが先に得点を決めた時点で試合終了となる方式を「突然死」という意味で何という？,サドンデス,,スポーツの延長戦で、どちらかのチームが先に得点を決めた時点で試合終了となる方式を「突然死」という意味で何という?,['サドンデス']
AIO04-0259,第4回AI王,2023/09/01,開発用データ,259,数年に一度、太平洋赤道域の中央部から南米のペルー沿岸で観測される、海面温度が平年に比べて高くなる現象を何という？,エル・ニーニョ現象,エル・ニーニョ,数年に一度、太平洋赤道域の中央部から南米のペルー沿岸で観測される、海面温度が平年に比べて高くなる現象を何という?,"['エル・ニーニョ現象', 'エル・ニーニョ']"
AIO04-0260,第4回AI王,2023/09/01,開発用データ,260,印刷業界で、文字の大きさ、書体、配列などの視覚効果のことを、「活版印刷」という意味の英語で何という？,タイポグラフィ,タイポグラフィー,印刷業界で、文字の大きさ、書体、配列などの視覚効果のことを、「活版印刷」という意味の英語で何という?,"['タイポグラフィ', 'タイポグラフィー']"
AIO04-0261,第4回AI王,2023/09/01,開発用データ,261,1999年にテムズ川沿いに完成し、ロンドン名物となっている、高さ135mの観覧車は何？,ロンドン・アイ,,1999年にテムズ川沿いに完成し、ロンドン名物となっている、高さ135mの観覧車は何?,['ロンドン・アイ']
AIO04-0262,第4回AI王,2023/09/01,開発用データ,262,記号「∽」で表される、数学で、ある図形とそれを拡大または縮小した図形との関係を何という？,相似,,記号「∽」で表される、数学で、ある図形とそれを拡大または縮小した図形との関係を何という?,['相似']
AIO04-0263,第4回AI王,2023/09/01,開発用データ,263,発祥地であるインドの都市の名がついた、さまざまな色を用いた大柄の格子模様を何という？,マドラスチェック,,発祥地であるインドの都市の名がついた、さまざまな色を用いた大柄の格子模様を何という?,['マドラスチェック']
AIO04-0264,第4回AI王,2023/09/01,開発用データ,264,無実の罪で投獄されたエドモン・ダンテスを主人公とする、アレクサンドル・デュマの小説は何？,モンテ・クリスト伯,,無実の罪で投獄されたエドモン・ダンテスを主人公とする、アレクサンドル・デュマの小説は何?,['モンテ・クリスト伯']
AIO04-0265,第4回AI王,2023/09/01,開発用データ,265,「押しつぶされる」という意味がある、四角い部屋の中で交互にボールを打ち合うスポーツは何？,スカッシュ,,「押しつぶされる」という意味がある、四角い部屋の中で交互にボールを打ち合うスポーツは何?,['スカッシュ']
AIO04-0266,第4回AI王,2023/09/01,開発用データ,266,ボーイスカウトやガールスカウトの全国的な大会や国際的な規模の大会のことを、「お祭り騒ぎ」という意味の英語で何という？,ジャンボリー,,ボーイスカウトやガールスカウトの全国的な大会や国際的な規模の大会のことを、「お祭り騒ぎ」という意味の英語で何という?,['ジャンボリー']
AIO04-0267,第4回AI王,2023/09/01,開発用データ,267,将棋で、銀将が左上・右上・左上というようにジグザグに進むことを、ある生き物にたとえて何という？,千鳥,,将棋で、銀将が左上・右上・左上というようにジグザグに進むことを、ある生き物にたとえて何という?,['千鳥']
AIO04-0268,第4回AI王,2023/09/01,開発用データ,268,動いている物体から出る音が、近づくにつれて高く、遠ざかるにつれて低く聞こえるという現象を何という？,ドップラー効果,,動いている物体から出る音が、近づくにつれて高く、遠ざかるにつれて低く聞こえるという現象を何という?,['ドップラー効果']
AIO04-0269,第4回AI王,2023/09/01,開発用データ,269,語録、反面教師、文化大革命から連想される政治家は誰？,毛沢東,,語録、反面教師、文化大革命から連想される政治家は誰?,['毛沢東']
AIO04-0270,第4回AI王,2023/09/01,開発用データ,270,少年のころにガリバルディの赤シャツ隊に志願するも断られた経験をもつイタリアの作家で、代表作『クオレ』で知られるのは誰？,エドモンド・デ・アミーチス,アミーチス,少年のころにガリバルディの赤シャツ隊に志願するも断られた経験をもつイタリアの作家で、代表作『クオレ』で知られるのは誰?,"['エドモンド・デ・アミーチス', 'アミーチス']"
AIO04-0271,第4回AI王,2023/09/01,開発用データ,271,大相撲の取組で、勝利した力士に対して、協賛企業・団体から授与される賞金のことを何という？,懸賞金,,大相撲の取組で、勝利した力士に対して、協賛企業・団体から授与される賞金のことを何という?,['懸賞金']
AIO04-0272,第4回AI王,2023/09/01,開発用データ,272,英語で「ジャパニーズ・ジャイアント・クラブ」という、日本近海に生息する世界最大のカニは何？,タカアシガニ,,英語で「ジャパニーズ・ジャイアント・クラブ」という、日本近海に生息する世界最大のカニは何?,['タカアシガニ']
AIO04-0273,第4回AI王,2023/09/01,開発用データ,273,世界最南端の町ウシュアイアがある、西半分をチリ、東半分をアルゼンチンが領有する島は何？,フエゴ島,フェゴ島,世界最南端の町ウシュアイアがある、西半分をチリ、東半分をアルゼンチンが領有する島は何?,"['フエゴ島', 'フェゴ島']"
AIO04-0274,第4回AI王,2023/09/01,開発用データ,274,スマートフォンで、画面を拡大・縮小するために行う、2本の指を開いたり閉じたりする操作を何という？,ピンチ,,スマートフォンで、画面を拡大・縮小するために行う、2本の指を開いたり閉じたりする操作を何という?,['ピンチ']
AIO04-0275,第4回AI王,2023/09/01,開発用データ,275,アミラーゼやリパーゼなど、食物の栄養分を加水分解して吸収しやすいかたちにする酵素を何という？,消化酵素,,アミラーゼやリパーゼなど、食物の栄養分を加水分解して吸収しやすいかたちにする酵素を何という?,['消化酵素']
AIO04-0276,第4回AI王,2023/09/01,開発用データ,276,「アラフォー」といえば40歳前後の人のことですが、「アラカン」といえば何歳前後の人のこと？,60歳,60,「アラフォー」といえば40歳前後の人のことですが、「アラカン」といえば何歳前後の人のこと?,"['60歳', '60']"
AIO04-0277,第4回AI王,2023/09/01,開発用データ,277,スズキ、モロゲエビ、ウナギ、アマサギ、シラウオ、コイ、シジミが「七珍」とされる、中国地方の湖はどこ？,宍道湖,,スズキ、モロゲエビ、ウナギ、アマサギ、シラウオ、コイ、シジミが「七珍」とされる、中国地方の湖はどこ?,['宍道湖']
AIO04-0278,第4回AI王,2023/09/01,開発用データ,278,飴、サラリーマン、足柄山から連想される昔話は何？,金太郎,,飴、サラリーマン、足柄山から連想される昔話は何?,['金太郎']
AIO04-0279,第4回AI王,2023/09/01,開発用データ,279,チェスで、ゲーム開始時にキングの右側に置かれる、僧侶がかぶる帽子の形をかたどったコマは何？,ビショップ,,チェスで、ゲーム開始時にキングの右側に置かれる、僧侶がかぶる帽子の形をかたどったコマは何?,['ビショップ']
AIO04-0280,第4回AI王,2023/09/01,開発用データ,280,ゴルフで、ラウンド中に選手のクラブを運んだり、プレーのアドバイスをする人を何という？,キャディ,キャディー,ゴルフで、ラウンド中に選手のクラブを運んだり、プレーのアドバイスをする人を何という?,"['キャディ', 'キャディー']"
AIO04-0281,第4回AI王,2023/09/01,開発用データ,281,食パンの内側の白い部分を「クラム」といいますが、「耳」とも呼ばれる外側の茶色い部分を何という？,クラスト,,食パンの内側の白い部分を「クラム」といいますが、「耳」とも呼ばれる外側の茶色い部分を何という?,['クラスト']
AIO04-0282,第4回AI王,2023/09/01,開発用データ,282,背中に小さな翼、手には弓矢という姿で描かれる、ギリシャ神話のエロスにあたる、ローマ神話の恋の神は何？,キューピッド,"キューピット, クピードー, クピド",背中に小さな翼、手には弓矢という姿で描かれる、ギリシャ神話のエロスにあたる、ローマ神話の恋の神は何?,"['キューピッド', 'キューピット', 'クピードー', 'クピド']"
AIO04-0283,第4回AI王,2023/09/01,開発用データ,283,ヒトの膝関節にある、衝撃を吸収したり、関節の動きを滑らかにする働きを持つ軟骨を何という？,半月板,,ヒトの膝関節にある、衝撃を吸収したり、関節の動きを滑らかにする働きを持つ軟骨を何という?,['半月板']
AIO04-0284,第4回AI王,2023/09/01,開発用データ,284,アメリカのプロバスケットボールリーグ・NBAで、ウェスタンカンファレンスを構成する3つの地区とは、「ノースウェスト」「サウスウェスト」と何？,パシフィック,,アメリカのプロバスケットボールリーグ・NBAで、ウェスタンカンファレンスを構成する3つの地区とは、「ノースウェスト」「サウスウェスト」と何?,['パシフィック']
AIO04-0285,第4回AI王,2023/09/01,開発用データ,285,具材を天気に見立てた蕎麦で、大根おろしをのせたものを「みぞれ蕎麦」といいますが、細かく刻んだ貝柱をのせたものを何という？,あられ蕎麦,"あられそば, 霰蕎麦",具材を天気に見立てた蕎麦で、大根おろしをのせたものを「みぞれ蕎麦」といいますが、細かく刻んだ貝柱をのせたものを何という?,"['あられ蕎麦', 'あられそば', '霰蕎麦']"
AIO04-0286,第4回AI王,2023/09/01,開発用データ,286,ヘミングウェイの小説『老人と海』に登場する、巨大なカジキと格闘する主人公の老人の名前は何？,サンチャゴ,サンチアゴ,ヘミングウェイの小説『老人と海』に登場する、巨大なカジキと格闘する主人公の老人の名前は何?,"['サンチャゴ', 'サンチアゴ']"
AIO04-0287,第4回AI王,2023/09/01,開発用データ,287,東海道屈指の景勝地として知られる、「さかさ富士」で有名な静岡県富士市の海浜はどこ？,田子の浦,田子ノ浦,東海道屈指の景勝地として知られる、「さかさ富士」で有名な静岡県富士市の海浜はどこ?,"['田子の浦', '田子ノ浦']"
AIO04-0288,第4回AI王,2023/09/01,開発用データ,288,植物の光合成と呼吸がつり合い、見かけの光合成量が0になるときの光の強さを何という？,補償点,光補償点,植物の光合成と呼吸がつり合い、見かけの光合成量が0になるときの光の強さを何という?,"['補償点', '光補償点']"
AIO04-0289,第4回AI王,2023/09/01,開発用データ,289,フランスやイタリアを指す「オールドワールド」、アメリカやチリを指す「ニューワールド」といえば、何の飲み物に関する分類？,ワイン,,フランスやイタリアを指す「オールドワールド」、アメリカやチリを指す「ニューワールド」といえば、何の飲み物に関する分類?,['ワイン']
AIO04-0290,第4回AI王,2023/09/01,開発用データ,290,コーヒー豆の8段階の焙煎度で、もっとも浅いのはライトローストですが、もっとも深いのは何？,イタリアンロースト,,コーヒー豆の8段階の焙煎度で、もっとも浅いのはライトローストですが、もっとも深いのは何?,['イタリアンロースト']
AIO04-0291,第4回AI王,2023/09/01,開発用データ,291,国際オリンピック委員会の歴代会長で、第3代のバイエ＝ラトゥールと、第8代のジャック・ロゲは、いずれもどこの国の人物？,ベルギー,ベルギー王国,国際オリンピック委員会の歴代会長で、第3代のバイエ=ラトゥールと、第8代のジャック・ロゲは、いずれもどこの国の人物?,"['ベルギー', 'ベルギー王国']"
AIO04-0292,第4回AI王,2023/09/01,開発用データ,292,フリーアナウンサーの小島慶子、雨宮塔子、進藤晶子がかつて在籍していたテレビ局はどこ？,TBS,TBSテレビ,フリーアナウンサーの小島慶子、雨宮塔子、進藤晶子がかつて在籍していたテレビ局はどこ?,"['TBS', 'TBSテレビ']"
AIO04-0293,第4回AI王,2023/09/01,開発用データ,293,初夏に小さな紫色の花を咲かせる、北海道・富良野の風物詩としても知られるシソ科の植物は何？,ラベンダー,ラワンデル,初夏に小さな紫色の花を咲かせる、北海道・富良野の風物詩としても知られるシソ科の植物は何?,"['ラベンダー', 'ラワンデル']"
AIO04-0294,第4回AI王,2023/09/01,開発用データ,294,自らの観測結果に基づいて制作され、死後に出版された星図『天球図譜』で知られるイギリスの天文学者で、グリニッジ天文台の初代台長を務めた人物は誰？,ジョン・フラムスティード,"フラムスティード, ジョン・フラムスチード, フラムスチード",自らの観測結果に基づいて制作され、死後に出版された星図『天球図譜』で知られるイギリスの天文学者で、グリニッジ天文台の初代台長を務めた人物は誰?,"['ジョン・フラムスティード', 'フラムスティード', 'ジョン・フラムスチード', 'フラムスチード']"
AIO04-0295,第4回AI王,2023/09/01,開発用データ,295,金属を接合する作業で、接合部を加熱したり加圧したりして融合させるものを一般に何という？,溶接,,金属を接合する作業で、接合部を加熱したり加圧したりして融合させるものを一般に何という?,['溶接']
AIO04-0296,第4回AI王,2023/09/01,開発用データ,296,アフガニスタン、カザフスタン、トルコ、オランダの国花は何？,チューリップ,,アフガニスタン、カザフスタン、トルコ、オランダの国花は何?,['チューリップ']
AIO04-0297,第4回AI王,2023/09/01,開発用データ,297,焼肉のホルモンのメニューで、ウシやブタの動脈のことを、ある野菜にたとえて何という？,タケノコ,,焼肉のホルモンのメニューで、ウシやブタの動脈のことを、ある野菜にたとえて何という?,['タケノコ']
AIO04-0298,第4回AI王,2023/09/01,開発用データ,298,宝石のカットで、小粒の石を大きく見せる効果がある、ラグビーボールのように両端が尖った楕円形になるカットを何という？,マーキスカット,"マーキーズカット, マーキーズ",宝石のカットで、小粒の石を大きく見せる効果がある、ラグビーボールのように両端が尖った楕円形になるカットを何という?,"['マーキスカット', 'マーキーズカット', 'マーキーズ']"
AIO04-0299,第4回AI王,2023/09/01,開発用データ,299,「ビタミンQ」の別名もある、抗酸化作用があることから健康食品としても使用されている補酵素は何？,コエンザイムQ10,ユビキノン,「ビタミンQ」の別名もある、抗酸化作用があることから健康食品としても使用されている補酵素は何?,"['コエンザイムQ10', 'ユビキノン']"
AIO04-0300,第4回AI王,2023/09/01,開発用データ,300,ゴルフルール規則23で定められている、落ちている小石や木の葉など、原則として自由に取り除くことができる障害物を何という？,ルースインペディメント,,ゴルフルール規則23で定められている、落ちている小石や木の葉など、原則として自由に取り除くことができる障害物を何という?,['ルースインペディメント']
AIO04-0301,第4回AI王,2023/09/01,開発用データ,301,1931年に起こり、満州事変のきっかけとなった、関東軍による満州鉄道爆破事件は何？,柳条湖事件,,1931年に起こり、満州事変のきっかけとなった、関東軍による満州鉄道爆破事件は何?,['柳条湖事件']
AIO04-0302,第4回AI王,2023/09/01,開発用データ,302,保湿効果があるとして化粧品にも配合されている、表皮の角質層を形成する細胞膜に多量に存在する脂質の一種を何という？,セラミド,,保湿効果があるとして化粧品にも配合されている、表皮の角質層を形成する細胞膜に多量に存在する脂質の一種を何という?,['セラミド']
AIO04-0303,第4回AI王,2023/09/01,開発用データ,303,毎年4月にゴルフの「マスターズ・トーナメント」が行われる、アメリカ・ジョージア州の都市はどこ？,オーガスタ,,毎年4月にゴルフの「マスターズ・トーナメント」が行われる、アメリカ・ジョージア州の都市はどこ?,['オーガスタ']
AIO04-0304,第4回AI王,2023/09/01,開発用データ,304,結婚を反対された男女が身を投げたという伝説で知られる、グァムの観光地といえば何岬？,恋人岬,恋人,結婚を反対された男女が身を投げたという伝説で知られる、グァムの観光地といえば何岬?,"['恋人岬', '恋人']"
AIO04-0305,第4回AI王,2023/09/01,開発用データ,305,アネモネ、トリカブト、フクジュソウはいずれも何科の植物？,キンポウゲ科,キンポウゲ,アネモネ、トリカブト、フクジュソウはいずれも何科の植物?,"['キンポウゲ科', 'キンポウゲ']"
AIO04-0306,第4回AI王,2023/09/01,開発用データ,306,書の線を生かすために重要とされる、書道の筆の穂先にあるもっとも長い毛を何という？,命毛,,書の線を生かすために重要とされる、書道の筆の穂先にあるもっとも長い毛を何という?,['命毛']
AIO04-0307,第4回AI王,2023/09/01,開発用データ,307,ローマ字で、日本語の「ふ」を「FU」、「じ」を「JI」と表記するつづり方を何という？,ヘボン式ローマ字,ヘボン式,ローマ字で、日本語の「ふ」を「FU」、「じ」を「JI」と表記するつづり方を何という?,"['ヘボン式ローマ字', 'ヘボン式']"
AIO04-0308,第4回AI王,2023/09/01,開発用データ,308,サッカーで、無失点で抑えた試合のことを、記録用紙に得点が書き込まれないことから、「真っさらな紙」という意味で何という？,クリーンシート,,サッカーで、無失点で抑えた試合のことを、記録用紙に得点が書き込まれないことから、「真っさらな紙」という意味で何という?,['クリーンシート']
AIO04-0309,第4回AI王,2023/09/01,開発用データ,309,ピエール・ボナールやモーリス・ドニに代表される、19世紀末にパリで活動した芸術家集団を、ヘブライ語の「救世主」という意味で何という？,ナビ派,,ピエール・ボナールやモーリス・ドニに代表される、19世紀末にパリで活動した芸術家集団を、ヘブライ語の「救世主」という意味で何という?,['ナビ派']
AIO04-0310,第4回AI王,2023/09/01,開発用データ,310,等号「＝」を考案したとされる、16世紀のイギリスの数学者は誰？,ロバート・レコード,レコード,等号「=」を考案したとされる、16世紀のイギリスの数学者は誰?,"['ロバート・レコード', 'レコード']"
AIO04-0311,第4回AI王,2023/09/01,開発用データ,311,『フィガロの結婚』のケルビーノ役など、オペラで、男装する女性歌手の役を何という？,ズボン役,,『フィガロの結婚』のケルビーノ役など、オペラで、男装する女性歌手の役を何という?,['ズボン役']
AIO04-0312,第4回AI王,2023/09/01,開発用データ,312,「永久に止まらずに歩き続ける旅人」という意味がある、松尾芭蕉の『おくのほそ道』の冒頭に登場する言葉は何？,百代の過客,,「永久に止まらずに歩き続ける旅人」という意味がある、松尾芭蕉の『おくのほそ道』の冒頭に登場する言葉は何?,['百代の過客']
AIO04-0313,第4回AI王,2023/09/01,開発用データ,313,海賊ジョン・シルバーと戦う少年ジム・ホーキンズの活躍を描いた、イギリスの作家スティーヴンソンの小説は何？,宝島,,海賊ジョン・シルバーと戦う少年ジム・ホーキンズの活躍を描いた、イギリスの作家スティーヴンソンの小説は何?,['宝島']
AIO04-0314,第4回AI王,2023/09/01,開発用データ,314,国の利益のためならどんな非道徳な行為でも許されるという考え方を、イタリアの思想家の名から何という？,マキャベリズム,"マキャヴェリズム, マキアベリズム, マキャベリアニズム",国の利益のためならどんな非道徳な行為でも許されるという考え方を、イタリアの思想家の名から何という?,"['マキャベリズム', 'マキャヴェリズム', 'マキアベリズム', 'マキャベリアニズム']"
AIO04-0315,第4回AI王,2023/09/01,開発用データ,315,競技かるたで、最初に並べた札の位置を覚えるために与えられる時間は何分？,15分,15,競技かるたで、最初に並べた札の位置を覚えるために与えられる時間は何分?,"['15分', '15']"
AIO04-0316,第4回AI王,2023/09/01,開発用データ,316,所得税に適用されている、課税対象額に比例して税率が高くなる制度を何という？,累進課税制度,累進課税,所得税に適用されている、課税対象額に比例して税率が高くなる制度を何という?,"['累進課税制度', '累進課税']"
AIO04-0317,第4回AI王,2023/09/01,開発用データ,317,一般社団法人・日本喜劇人協会の初代会長を務めた喜劇役者で、「エノケン」の愛称で知られたのは誰？,榎本健一,,一般社団法人・日本喜劇人協会の初代会長を務めた喜劇役者で、「エノケン」の愛称で知られたのは誰?,['榎本健一']
AIO04-0318,第4回AI王,2023/09/01,開発用データ,318,西洋では「冬の風」、日本では「秋の空」と対比させて、その変わりやすさをたとえるものといえば何？,女心,,西洋では「冬の風」、日本では「秋の空」と対比させて、その変わりやすさをたとえるものといえば何?,['女心']
AIO04-0319,第4回AI王,2023/09/01,開発用データ,319,寄木細工、登山鉄道、温泉、駅伝から連想される観光地はどこ？,箱根,,寄木細工、登山鉄道、温泉、駅伝から連想される観光地はどこ?,['箱根']
AIO04-0320,第4回AI王,2023/09/01,開発用データ,320,代表作『ルネ・モープラン』『ジェルミニー・ラセルトゥー』で知られる、兄エドモン、弟ジュールの、19世紀のフランスの作家兄弟は何？,ゴンクール兄弟,ゴンクール,代表作『ルネ・モープラン』『ジェルミニー・ラセルトゥー』で知られる、兄エドモン、弟ジュールの、19世紀のフランスの作家兄弟は何?,"['ゴンクール兄弟', 'ゴンクール']"
AIO04-0321,第4回AI王,2023/09/01,開発用データ,321,その首長は「シンダコ」と呼ばれる、イタリアの自治体の最小単位は何？,コムーネ,,その首長は「シンダコ」と呼ばれる、イタリアの自治体の最小単位は何?,['コムーネ']
AIO04-0322,第4回AI王,2023/09/01,開発用データ,322,江戸いろはがるたで、「花より」といえば「団子」ですが、「論より」といえば後に続く言葉は何？,証拠,,江戸いろはがるたで、「花より」といえば「団子」ですが、「論より」といえば後に続く言葉は何?,['証拠']
AIO04-0323,第4回AI王,2023/09/01,開発用データ,323,フランスパンのバゲットやカンパーニュなどにみられる表面の切り込みのことをフランス語で何という？,クープ,,フランスパンのバゲットやカンパーニュなどにみられる表面の切り込みのことをフランス語で何という?,['クープ']
AIO04-0324,第4回AI王,2023/09/01,開発用データ,324,ウェゲナーの大陸移動説で、超大陸・パンゲアから分かれた2つの大陸のうち、北半球にあったのはローデシアですが、南半球にあったのは何？,ゴンドワナ,ゴンドワナ大陸,ウェゲナーの大陸移動説で、超大陸・パンゲアから分かれた2つの大陸のうち、北半球にあったのはローデシアですが、南半球にあったのは何?,"['ゴンドワナ', 'ゴンドワナ大陸']"
AIO04-0325,第4回AI王,2023/09/01,開発用データ,325,大正時代にバナナが大量に荷揚げされ、バナナの叩き売りが始まったとされる福岡県の港はどこ？,門司港,,大正時代にバナナが大量に荷揚げされ、バナナの叩き売りが始まったとされる福岡県の港はどこ?,['門司港']
AIO04-0326,第4回AI王,2023/09/01,開発用データ,326,甘味料の「キシリトール」を英語で書いたとき、頭文字になるアルファベットは何？,X,,甘味料の「キシリトール」を英語で書いたとき、頭文字になるアルファベットは何?,['X']
AIO04-0327,第4回AI王,2023/09/01,開発用データ,327,ショウリョウ、トノサマなどの種類がいる、英語では「グラスホッパー」という昆虫は何？,バッタ,"ばった, 飛蝗, 蝗虫",ショウリョウ、トノサマなどの種類がいる、英語では「グラスホッパー」という昆虫は何?,"['バッタ', 'ばった', '飛蝗', '蝗虫']"
AIO04-0328,第4回AI王,2023/09/01,開発用データ,328,パリ・モンマルトルの墓に「生きた、書いた、愛した」という墓碑銘が刻まれている作家は誰？,スタンダール,,パリ・モンマルトルの墓に「生きた、書いた、愛した」という墓碑銘が刻まれている作家は誰?,['スタンダール']
AIO04-0329,第4回AI王,2023/09/01,開発用データ,329,雪男やネッシーなど、生物学的に確認されていない未知の動物を、アルファベット3文字で何という？,UMA,,雪男やネッシーなど、生物学的に確認されていない未知の動物を、アルファベット3文字で何という?,['UMA']
AIO04-0330,第4回AI王,2023/09/01,開発用データ,330,外国人が多く暮らしていることから「ソウルの六本木」などとも呼ばれる、パク・ソジュン主演のドラマの舞台にもなった、韓国・ソウルの繁華街はどこ？,梨泰院,イテウォン,外国人が多く暮らしていることから「ソウルの六本木」などとも呼ばれる、パク・ソジュン主演のドラマの舞台にもなった、韓国・ソウルの繁華街はどこ?,"['梨泰院', 'イテウォン']"
AIO04-0331,第4回AI王,2023/09/01,開発用データ,331,ミヒャエル・エンデの童話『モモ』で、灰色の男たちが盗んだものは何？,時間,,ミヒャエル・エンデの童話『モモ』で、灰色の男たちが盗んだものは何?,['時間']
AIO04-0332,第4回AI王,2023/09/01,開発用データ,332,インド北東部ビハール州にある都市で、釈迦が悟りを開いたことから仏教の四大聖地のひとつとされているのはどこ？,ブッダガヤ,"ブダガヤ, ボードガヤー",インド北東部ビハール州にある都市で、釈迦が悟りを開いたことから仏教の四大聖地のひとつとされているのはどこ?,"['ブッダガヤ', 'ブダガヤ', 'ボードガヤー']"
AIO04-0333,第4回AI王,2023/09/01,開発用データ,333,歩行者天国が実施され、「北京の銀座」「北京のシャンゼリゼ」とも呼ばれる、中国・北京を代表する繁華街はどこ？,王府井,ワンフーチン,歩行者天国が実施され、「北京の銀座」「北京のシャンゼリゼ」とも呼ばれる、中国・北京を代表する繁華街はどこ?,"['王府井', 'ワンフーチン']"
AIO04-0334,第4回AI王,2023/09/01,開発用データ,334,イギリスの島の名前がついた、スポーツウェアなどに用いられる、柔らかく伸縮性のある生地を何という？,ジャージー,ジャージ,イギリスの島の名前がついた、スポーツウェアなどに用いられる、柔らかく伸縮性のある生地を何という?,"['ジャージー', 'ジャージ']"
AIO04-0335,第4回AI王,2023/09/01,開発用データ,335,NHK大河ドラマ『青天を衝け』ではモーリー・ロバートソンが演じた、1853年に黒船を引き連れて日本に来航したアメリカの軍人は誰？,マシュー・ペリー,"ペリー, マシュー・カルブレイス・ペリー",NHK大河ドラマ『青天を衝け』ではモーリー・ロバートソンが演じた、1853年に黒船を引き連れて日本に来航したアメリカの軍人は誰?,"['マシュー・ペリー', 'ペリー', 'マシュー・カルブレイス・ペリー']"
AIO04-0336,第4回AI王,2023/09/01,開発用データ,336,毒ヘビ、エメラルド、エリザベス・テイラーから連想される歴史上の人物は誰？,クレオパトラ7世,クレオパトラ,毒ヘビ、エメラルド、エリザベス・テイラーから連想される歴史上の人物は誰?,"['クレオパトラ7世', 'クレオパトラ']"
AIO04-0337,第4回AI王,2023/09/01,開発用データ,337,登山用語で、登山中にハンガーノックをおこすことを、「ご飯が足りずに倒れる」という意味で何という？,シャリバテ,舎利ばて,登山用語で、登山中にハンガーノックをおこすことを、「ご飯が足りずに倒れる」という意味で何という?,"['シャリバテ', '舎利ばて']"
AIO04-0338,第4回AI王,2023/09/01,開発用データ,338,「斜め一文字」や「飛龍観」と呼ばれる眺望が見られる、日本三景のひとつに数えられる景勝地はどこ？,天橋立,,「斜め一文字」や「飛龍観」と呼ばれる眺望が見られる、日本三景のひとつに数えられる景勝地はどこ?,['天橋立']
AIO04-0339,第4回AI王,2023/09/01,開発用データ,339,主人公の赤毛の少年のあだ名からタイトルがつけられた、フランスの作家、ジュール・ルナールの小説は何？,にんじん,,主人公の赤毛の少年のあだ名からタイトルがつけられた、フランスの作家、ジュール・ルナールの小説は何?,['にんじん']
AIO04-0340,第4回AI王,2023/09/01,開発用データ,340,弓を引くのに邪魔にならないよう右の乳房を切除した、と言い伝えられている、ギリシャ神話に登場する女戦士の部族は何？,アマゾン,"アマゾネス, アマゾーン",弓を引くのに邪魔にならないよう右の乳房を切除した、と言い伝えられている、ギリシャ神話に登場する女戦士の部族は何?,"['アマゾン', 'アマゾネス', 'アマゾーン']"
AIO04-0341,第4回AI王,2023/09/01,開発用データ,341,「観音開き」のように真ん中から両開きとなるドアのことを、あるヨーロッパの国の名前から何という？,フレンチドア,,「観音開き」のように真ん中から両開きとなるドアのことを、あるヨーロッパの国の名前から何という?,['フレンチドア']
AIO04-0342,第4回AI王,2023/09/01,開発用データ,342,景気循環の波に名を残す経済学者で、キチンはアメリカ、ジュグラーはフランスですが、コンドラチェフは現在のどこの国の人物？,ロシア,ロシア連邦,景気循環の波に名を残す経済学者で、キチンはアメリカ、ジュグラーはフランスですが、コンドラチェフは現在のどこの国の人物?,"['ロシア', 'ロシア連邦']"
AIO04-0343,第4回AI王,2023/09/01,開発用データ,343,肉まんの下に敷いたり、書籍の表紙カバーなどにして用いられる、半透明で光沢のある薄い紙を何という？,グラシン紙,"グラシン, パラフィン紙",肉まんの下に敷いたり、書籍の表紙カバーなどにして用いられる、半透明で光沢のある薄い紙を何という?,"['グラシン紙', 'グラシン', 'パラフィン紙']"
AIO04-0344,第4回AI王,2023/09/01,開発用データ,344,作家の大江健三郎の義理の兄にあたる往年の映画監督で、代表作『マルサの女』『お葬式』で知られる人物は誰？,伊丹十三,,作家の大江健三郎の義理の兄にあたる往年の映画監督で、代表作『マルサの女』『お葬式』で知られる人物は誰?,['伊丹十三']
AIO04-0345,第4回AI王,2023/09/01,開発用データ,345,自動車のペダルで、マニュアル車にはつけられていて、オートマチック車にはつけられていないものは何？,クラッチペダル,クラッチ,自動車のペダルで、マニュアル車にはつけられていて、オートマチック車にはつけられていないものは何?,"['クラッチペダル', 'クラッチ']"
AIO04-0346,第4回AI王,2023/09/01,開発用データ,346,裕福な家庭に育ち、自分で働いたことのない人をたとえて、「何より重い物を持たない」という？,箸,箸より重い物を持たない,裕福な家庭に育ち、自分で働いたことのない人をたとえて、「何より重い物を持たない」という?,"['箸', '箸より重い物を持たない']"
AIO04-0347,第4回AI王,2023/09/01,開発用データ,347,日本の和歌で、その歌の作者が誰だか分からないことを特に何という？,詠み人しらず,"よみ人しらず, 詠み人知らず, 読み人知らず",日本の和歌で、その歌の作者が誰だか分からないことを特に何という?,"['詠み人しらず', 'よみ人しらず', '詠み人知らず', '読み人知らず']"
AIO04-0348,第4回AI王,2023/09/01,開発用データ,348,横山大観のコレクションや美しい日本庭園で知られる、島根県安来市にある美術館は何？,足立美術館,,横山大観のコレクションや美しい日本庭園で知られる、島根県安来市にある美術館は何?,['足立美術館']
AIO04-0349,第4回AI王,2023/09/01,開発用データ,349,ご当地グルメの祭典「B-1グランプリ」で、唯一、2度グランプリを獲得している料理は何？,富士宮やきそば,富士宮焼きそば,ご当地グルメの祭典「B-1グランプリ」で、唯一、2度グランプリを獲得している料理は何?,"['富士宮やきそば', '富士宮焼きそば']"
AIO04-0350,第4回AI王,2023/09/01,開発用データ,350,周りを敵に囲まれて孤立してしまうことを、古代中国の故事に由来する四字熟語で何という？,四面楚歌,,周りを敵に囲まれて孤立してしまうことを、古代中国の故事に由来する四字熟語で何という?,['四面楚歌']
AIO04-0351,第4回AI王,2023/09/01,開発用データ,351,「海」を意味する「オーシャン」という英語の語源となった、ギリシャ神話に登場する海の神は誰？,オケアノス,オーケアノス,「海」を意味する「オーシャン」という英語の語源となった、ギリシャ神話に登場する海の神は誰?,"['オケアノス', 'オーケアノス']"
AIO04-0352,第4回AI王,2023/09/01,開発用データ,352,「女峰」と「とよのか」を交配し、さらに「栃の峰」を掛け合わせて作られた、栃木県生まれのイチゴの品種は何？,とちおとめ,,「女峰」と「とよのか」を交配し、さらに「栃の峰」を掛け合わせて作られた、栃木県生まれのイチゴの品種は何?,['とちおとめ']
AIO04-0353,第4回AI王,2023/09/01,開発用データ,353,20世紀初めにアメリカのニューオーリンズで生まれたジャズのことを、南部の州を指す俗称から何という？,ディキシーランド・ジャズ,"ディキシーランド, ディキシー, デキシーランド・ジャズ, デキシーランド, デキシー",20世紀初めにアメリカのニューオーリンズで生まれたジャズのことを、南部の州を指す俗称から何という?,"['ディキシーランド・ジャズ', 'ディキシーランド', 'ディキシー', 'デキシーランド・ジャズ', 'デキシーランド', 'デキシー']"
AIO04-0354,第4回AI王,2023/09/01,開発用データ,354,カボチャの馬車、舞踏会、ガラスの靴から連想される童話は何？,シンデレラ,,カボチャの馬車、舞踏会、ガラスの靴から連想される童話は何?,['シンデレラ']
AIO04-0355,第4回AI王,2023/09/01,開発用データ,355,広瀬すずがヒロインの綾瀬千早を演じた、競技かるたの世界を描いた映画は何？,ちはやふる,,広瀬すずがヒロインの綾瀬千早を演じた、競技かるたの世界を描いた映画は何?,['ちはやふる']
AIO04-0356,第4回AI王,2023/09/01,開発用データ,356,もともとは薬の効能を書き記したもので、転じて「自分のすぐれた点などを述べたてること」を意味する言葉は何？,能書,能書き,もともとは薬の効能を書き記したもので、転じて「自分のすぐれた点などを述べたてること」を意味する言葉は何?,"['能書', '能書き']"
AIO04-0357,第4回AI王,2023/09/01,開発用データ,357,盆栽用語で、土から露出している根から一番近い枝までの部分のことを何という？,立ち上がり,,盆栽用語で、土から露出している根から一番近い枝までの部分のことを何という?,['立ち上がり']
AIO04-0358,第4回AI王,2023/09/01,開発用データ,358,サーモン、ムンク、村上春樹から連想される国はどこ？,ノルウェー,ノルウェー王国,サーモン、ムンク、村上春樹から連想される国はどこ?,"['ノルウェー', 'ノルウェー王国']"
AIO04-0359,第4回AI王,2023/09/01,開発用データ,359,歌人としては釈迢空の雅号を用いていた、日本の民俗学者・言語学者は誰？,折口信夫,,歌人としては釈迢空の雅号を用いていた、日本の民俗学者・言語学者は誰?,['折口信夫']
AIO04-0360,第4回AI王,2023/09/01,開発用データ,360,1957年にカナダのトロントで創業したファッションブランドで、企業ロゴをあしらった丸いワッペンが左袖につけられた防寒着で特に知られるのは何？,カナダグース,CANADA GOOSE,1957年にカナダのトロントで創業したファッションブランドで、企業ロゴをあしらった丸いワッペンが左袖につけられた防寒着で特に知られるのは何?,"['カナダグース', 'CANADA GOOSE']"
AIO04-0361,第4回AI王,2023/09/01,開発用データ,361,マラリア撲滅のために世界中に移植されたものの、在来種を駆逐することから問題となっている、蚊の幼虫を好んで食べることから名前がついた魚は何？,カダヤシ,蚊絶やし,マラリア撲滅のために世界中に移植されたものの、在来種を駆逐することから問題となっている、蚊の幼虫を好んで食べることから名前がついた魚は何?,"['カダヤシ', '蚊絶やし']"
AIO04-0362,第4回AI王,2023/09/01,開発用データ,362,ティーポットやティーサーバーで紅茶を淹れるときに起こる、湯の対流による茶葉の上下運動のことを何という？,ジャンピング,,ティーポットやティーサーバーで紅茶を淹れるときに起こる、湯の対流による茶葉の上下運動のことを何という?,['ジャンピング']
AIO04-0363,第4回AI王,2023/09/01,開発用データ,363,大阪のシンボル・通天閣を1938年から1943年まで所有していた、大手芸能プロダクションはどこ？,吉本興業,吉本,大阪のシンボル・通天閣を1938年から1943年まで所有していた、大手芸能プロダクションはどこ?,"['吉本興業', '吉本']"
AIO04-0364,第4回AI王,2023/09/01,開発用データ,364,『アラビアンナイト』の『アリババと40人の盗賊』に登場する、岩の扉を開ける合言葉といえば「開け何」？,ゴマ,"ごま, 胡麻",『アラビアンナイト』の『アリババと40人の盗賊』に登場する、岩の扉を開ける合言葉といえば「開け何」?,"['ゴマ', 'ごま', '胡麻']"
AIO04-0365,第4回AI王,2023/09/01,開発用データ,365,企業による社会貢献活動のことを、「企業の社会的責任」という意味の英語の頭文字をとって何という？,CSR,,企業による社会貢献活動のことを、「企業の社会的責任」という意味の英語の頭文字をとって何という?,['CSR']
AIO04-0366,第4回AI王,2023/09/01,開発用データ,366,伝統的に7番をエースナンバーとしている、「赤い悪魔」という愛称でも知られるイングランド・プレミアリーグの強豪チームは何？,マンチェスター・ユナイテッド,"マンチェスター・ユナイテッドFC, マンU, マン・ユナイテッド, ユナイテッド",伝統的に7番をエースナンバーとしている、「赤い悪魔」という愛称でも知られるイングランド・プレミアリーグの強豪チームは何?,"['マンチェスター・ユナイテッド', 'マンチェスター・ユナイテッドFC', 'マンU', 'マン・ユナイテッド', 'ユナイテッド']"
AIO04-0367,第4回AI王,2023/09/01,開発用データ,367,水泳で3個の金メダルを獲得したデューク・カハナモクという人物が「父」と呼ばれているスポーツは何？,サーフィン,,水泳で3個の金メダルを獲得したデューク・カハナモクという人物が「父」と呼ばれているスポーツは何?,['サーフィン']
AIO04-0368,第4回AI王,2023/09/01,開発用データ,368,19世紀のフランスの作家で、代表作『ボヴァリー夫人』で知られるのは誰？,ギュスターヴ・フローベール,"フローベール, ギュスターヴ・フロベール, フロベール",19世紀のフランスの作家で、代表作『ボヴァリー夫人』で知られるのは誰?,"['ギュスターヴ・フローベール', 'フローベール', 'ギュスターヴ・フロベール', 'フロベール']"
AIO04-0369,第4回AI王,2023/09/01,開発用データ,369,現在の大垣市に建てられた、安土桃山時代に木下藤吉郎が短期間のうちに完成させ、「一夜城」と呼ばれたお城は何？,墨俣城,,現在の大垣市に建てられた、安土桃山時代に木下藤吉郎が短期間のうちに完成させ、「一夜城」と呼ばれたお城は何?,['墨俣城']
AIO04-0370,第4回AI王,2023/09/01,開発用データ,370,恒星のうち、半径と光度が大きいものを「巨星」といいますが、小さいものを何という？,矮星,,恒星のうち、半径と光度が大きいものを「巨星」といいますが、小さいものを何という?,['矮星']
AIO04-0371,第4回AI王,2023/09/01,開発用データ,371,演奏が難しいことから「悪魔が作った楽器」などとも呼ばれる、タンゴ音楽に用いられる、アコーディオンに似た楽器は何？,バンドネオン,,演奏が難しいことから「悪魔が作った楽器」などとも呼ばれる、タンゴ音楽に用いられる、アコーディオンに似た楽器は何?,['バンドネオン']
AIO04-0372,第4回AI王,2023/09/01,開発用データ,372,身ひとつで、走ったり跳んだりして建物や障害物を乗り越える、フランス発祥のスポーツは何？,パルクール,,身ひとつで、走ったり跳んだりして建物や障害物を乗り越える、フランス発祥のスポーツは何?,['パルクール']
AIO04-0373,第4回AI王,2023/09/01,開発用データ,373,調理で、トマトを熱湯にくぐらせ、冷水に取って皮をむく、下ごしらえの方法を何という？,湯むき,"湯剥き, 湯剝き",調理で、トマトを熱湯にくぐらせ、冷水に取って皮をむく、下ごしらえの方法を何という?,"['湯むき', '湯剥き', '湯剝き']"
AIO04-0374,第4回AI王,2023/09/01,開発用データ,374,アメリカ・カリフォルニア州サンフランシスコの北部に位置する、数多くのワイナリーが集まるワインの一大産地はどこ？,ナパ・バレー,ナパ・ヴァレー,アメリカ・カリフォルニア州サンフランシスコの北部に位置する、数多くのワイナリーが集まるワインの一大産地はどこ?,"['ナパ・バレー', 'ナパ・ヴァレー']"
AIO04-0375,第4回AI王,2023/09/01,開発用データ,375,北イタリアではかつては主食として食べられていた、トウモロコシの粉をお粥状にして練り上げた食べ物は何？,ポレンタ,,北イタリアではかつては主食として食べられていた、トウモロコシの粉をお粥状にして練り上げた食べ物は何?,['ポレンタ']
AIO04-0376,第4回AI王,2023/09/01,開発用データ,376,1957年に創業した飲食店チェーンの想夫恋が発祥の、大分県のご当地焼きそばは何？,日田焼きそば,日田やきそば,1957年に創業した飲食店チェーンの想夫恋が発祥の、大分県のご当地焼きそばは何?,"['日田焼きそば', '日田やきそば']"
AIO04-0377,第4回AI王,2023/09/01,開発用データ,377,剣道の練習法で、正面打ちと左右横面打ちとを組み合わせて連続して行うものを何という？,切り返し,打ち返し,剣道の練習法で、正面打ちと左右横面打ちとを組み合わせて連続して行うものを何という?,"['切り返し', '打ち返し']"
AIO04-0378,第4回AI王,2023/09/01,開発用データ,378,日焼け止めに用いられる指標で、紫外線B波を防ぐ数値はSPFですが、紫外線A波を防ぐ数値はアルファベット2文字で何という？,PA,,日焼け止めに用いられる指標で、紫外線B波を防ぐ数値はSPFですが、紫外線A波を防ぐ数値はアルファベット2文字で何という?,['PA']
AIO04-0379,第4回AI王,2023/09/01,開発用データ,379,ポルトガル語で「夜明けの宮殿」という意味がある、ブラジルの首都ブラジリアにある、同国の大統領官邸は何？,アルボラーダ宮殿,,ポルトガル語で「夜明けの宮殿」という意味がある、ブラジルの首都ブラジリアにある、同国の大統領官邸は何?,['アルボラーダ宮殿']
AIO04-0380,第4回AI王,2023/09/01,開発用データ,380,耳が蝶の羽のように見えることから、フランス語で「蝶」を意味する名前がつけられた犬は何？,パピヨン,,耳が蝶の羽のように見えることから、フランス語で「蝶」を意味する名前がつけられた犬は何?,['パピヨン']
AIO04-0381,第4回AI王,2023/09/01,開発用データ,381,オリオンビールの本社や、DMMかりゆし水族館がある沖縄県の都市はどこ？,豊見城市,豊見城,オリオンビールの本社や、DMMかりゆし水族館がある沖縄県の都市はどこ?,"['豊見城市', '豊見城']"
AIO04-0382,第4回AI王,2023/09/01,開発用データ,382,明治42年に『明星』を継承する形で創刊され、森鴎外や谷崎潤一郎の作品が掲載された、ロマン主義を代表する文芸雑誌は何？,スバル,,明治42年に『明星』を継承する形で創刊され、森鴎外や谷崎潤一郎の作品が掲載された、ロマン主義を代表する文芸雑誌は何?,['スバル']
AIO04-0383,第4回AI王,2023/09/01,開発用データ,383,サンリオのキャラクター「リトルツインスターズ」の2人の姉弟の名前は、何と何？,キキとララ,"キキ、ララ, ララとキキ, ララ、キキ",サンリオのキャラクター「リトルツインスターズ」の2人の姉弟の名前は、何と何?,"['キキとララ', 'キキ', 'ララとキキ', 'ララ']"
AIO04-0384,第4回AI王,2023/09/01,開発用データ,384,物事が失敗に終わることを、火事のときに鳴らす半鐘の音から何という？,おじゃん,おじゃんになる,物事が失敗に終わることを、火事のときに鳴らす半鐘の音から何という?,"['おじゃん', 'おじゃんになる']"
AIO04-0385,第4回AI王,2023/09/01,開発用データ,385,トルストイの小説『復活』に登場するヒロインにちなんで名づけられたヘアアクセサリーは何？,カチューシャ,,トルストイの小説『復活』に登場するヒロインにちなんで名づけられたヘアアクセサリーは何?,['カチューシャ']
AIO04-0386,第4回AI王,2023/09/01,開発用データ,386,中国宋代の詩人・蘇東坡が好んだと伝えられる、豚のばら肉を使った角煮は何？,トンポーロー,東坡肉,中国宋代の詩人・蘇東坡が好んだと伝えられる、豚のばら肉を使った角煮は何?,"['トンポーロー', '東坡肉']"
AIO04-0387,第4回AI王,2023/09/01,開発用データ,387,杉原紙を2分の1にしたことにちなんで名づけられた、一般に習字の授業で用いられる薄い紙は何？,半紙,,杉原紙を2分の1にしたことにちなんで名づけられた、一般に習字の授業で用いられる薄い紙は何?,['半紙']
AIO04-0388,第4回AI王,2023/09/01,開発用データ,388,ジンまたはブランデーをベースにし、カカオリキュールや生クリームを加えて作るカクテルは何？,アレキサンダー,アレクサンダー,ジンまたはブランデーをベースにし、カカオリキュールや生クリームを加えて作るカクテルは何?,"['アレキサンダー', 'アレクサンダー']"
AIO04-0389,第4回AI王,2023/09/01,開発用データ,389,渡辺淳一の小説『花埋み』にその生涯が描かれている、日本初の女医とされる人物は誰？,荻野吟子,,渡辺淳一の小説『花埋み』にその生涯が描かれている、日本初の女医とされる人物は誰?,['荻野吟子']
AIO04-0390,第4回AI王,2023/09/01,開発用データ,390,ヘビが敵を威嚇するときなどにみせる大きく曲がった首の形を、ある道具に見立てて何という？,鎌首,,ヘビが敵を威嚇するときなどにみせる大きく曲がった首の形を、ある道具に見立てて何という?,['鎌首']
AIO04-0391,第4回AI王,2023/09/01,開発用データ,391,8月31日は野菜の日ですが、カレンダーでその真上にある8月24日は野菜にかける何の日とされている？,ドレッシングの日,ドレッシング,8月31日は野菜の日ですが、カレンダーでその真上にある8月24日は野菜にかける何の日とされている?,"['ドレッシングの日', 'ドレッシング']"
AIO04-0392,第4回AI王,2023/09/01,開発用データ,392,植物がかかる、葉全体が白っぽくなってしまう病気を、ある粉をまぶしたように見えることから一般に何という？,うどんこ病,,植物がかかる、葉全体が白っぽくなってしまう病気を、ある粉をまぶしたように見えることから一般に何という?,['うどんこ病']
AIO04-0393,第4回AI王,2023/09/01,開発用データ,393,1961年、大相撲で大鵬とともに横綱に昇進し、「柏鵬時代」を築いた力士は誰？,柏戸,柏戸剛,1961年、大相撲で大鵬とともに横綱に昇進し、「柏鵬時代」を築いた力士は誰?,"['柏戸', '柏戸剛']"
AIO04-0394,第4回AI王,2023/09/01,開発用データ,394,ニューヨークの国立自然史博物館を舞台に、収蔵品が動き回る様子を描いた、2006年の映画は何？,ナイトミュージアム,,ニューヨークの国立自然史博物館を舞台に、収蔵品が動き回る様子を描いた、2006年の映画は何?,['ナイトミュージアム']
AIO04-0395,第4回AI王,2023/09/01,開発用データ,395,組織や人を思いのままに支配することを、かつて中国で、ある動物の耳を裂き、その血を皆で吸って忠誠を誓ったことから何という？,牛耳る,,組織や人を思いのままに支配することを、かつて中国で、ある動物の耳を裂き、その血を皆で吸って忠誠を誓ったことから何という?,['牛耳る']
AIO04-0396,第4回AI王,2023/09/01,開発用データ,396,夫・藤原兼家との結婚生活について書いた、藤原道綱母による日記文学は何？,蜻蛉日記,,夫・藤原兼家との結婚生活について書いた、藤原道綱母による日記文学は何?,['蜻蛉日記']
AIO04-0397,第4回AI王,2023/09/01,開発用データ,397,ものを持っていない状態の中でも、「先立つものがない」といえば何がないこと？,お金,金,ものを持っていない状態の中でも、「先立つものがない」といえば何がないこと?,"['お金', '金']"
AIO04-0398,第4回AI王,2023/09/01,開発用データ,398,日本語では「金剛石」と呼ばれる、4月の誕生石にもなっている宝石は何？,ダイヤモンド,ダイアモンド,日本語では「金剛石」と呼ばれる、4月の誕生石にもなっている宝石は何?,"['ダイヤモンド', 'ダイアモンド']"
AIO04-0399,第4回AI王,2023/09/01,開発用データ,399,楽器メーカーのギブソン社が製作する、著名人の名を冠したシグネチャーモデルで、日本人初のシグネチャーモデルのギターは誰のもの？,松本孝弘,,楽器メーカーのギブソン社が製作する、著名人の名を冠したシグネチャーモデルで、日本人初のシグネチャーモデルのギターは誰のもの?,['松本孝弘']
AIO04-0400,第4回AI王,2023/09/01,開発用データ,400,狩猟家としても活動した旧ソ連の作家で、代表作『偉大なる王』をはじめ動物を主人公とした作品を多く手掛けたことで知られるのは誰？,ニコライ・バイコフ,バイコフ,狩猟家としても活動した旧ソ連の作家で、代表作『偉大なる王』をはじめ動物を主人公とした作品を多く手掛けたことで知られるのは誰?,"['ニコライ・バイコフ', 'バイコフ']"
AIO04-0401,第4回AI王,2023/09/01,開発用データ,401,命日の1月2日が「夾竹桃忌」と呼ばれる作家で、代表作『火宅の人』『花筐』で知られるのは誰？,檀一雄,,命日の1月2日が「夾竹桃忌」と呼ばれる作家で、代表作『火宅の人』『花筐』で知られるのは誰?,['檀一雄']
AIO04-0402,第4回AI王,2023/09/01,開発用データ,402,いわゆるリボン運動で、「開発途上国における妊産婦の命と健康を守る国際的な運動」のシンボルとされているのは何？,ホワイトリボン,,いわゆるリボン運動で、「開発途上国における妊産婦の命と健康を守る国際的な運動」のシンボルとされているのは何?,['ホワイトリボン']
AIO04-0403,第4回AI王,2023/09/01,開発用データ,403,スイス生まれの眼科医で、視力検査に用いるCに似た環を考案したことで知られる人物は誰？,エドムンド・ランドルト,ランドルト,スイス生まれの眼科医で、視力検査に用いるCに似た環を考案したことで知られる人物は誰?,"['エドムンド・ランドルト', 'ランドルト']"
AIO04-0404,第4回AI王,2023/09/01,開発用データ,404,数の単位で、「億」のひとつ上は「兆」ですが、「兆」のひとつ上は何？,京,,数の単位で、「億」のひとつ上は「兆」ですが、「兆」のひとつ上は何?,['京']
AIO04-0405,第4回AI王,2023/09/01,開発用データ,405,食後血糖値の上昇度を示す指標のことを、アルファベット2文字を使って何という？,GI値,GI,食後血糖値の上昇度を示す指標のことを、アルファベット2文字を使って何という?,"['GI値', 'GI']"
AIO04-0406,第4回AI王,2023/09/01,開発用データ,406,タコス、ルチャリブレ、サボテンから連想される中米の国はどこ？,メキシコ,メキシコ合衆国,タコス、ルチャリブレ、サボテンから連想される中米の国はどこ?,"['メキシコ', 'メキシコ合衆国']"
AIO04-0407,第4回AI王,2023/09/01,開発用データ,407,柏餅、ちまきなどのお菓子を食べる風習がある、五節句のひとつは何？,端午の節句,端午,柏餅、ちまきなどのお菓子を食べる風習がある、五節句のひとつは何?,"['端午の節句', '端午']"
AIO04-0408,第4回AI王,2023/09/01,開発用データ,408,オリンピックの開催を提唱し、「近代オリンピックの父」と呼ばれるフランスの教育家は誰？,ピエール・ド・クーベルタン,"クーベルタン, クーベルタン男爵ピエール・ド・フレディ",オリンピックの開催を提唱し、「近代オリンピックの父」と呼ばれるフランスの教育家は誰?,"['ピエール・ド・クーベルタン', 'クーベルタン', 'クーベルタン男爵ピエール・ド・フレディ']"
AIO04-0409,第4回AI王,2023/09/01,開発用データ,409,美術展覧会で、2年ごとに開催するものを「ビエンナーレ」といいますが、3年ごとに開催するものを何という？,トリエンナーレ,,美術展覧会で、2年ごとに開催するものを「ビエンナーレ」といいますが、3年ごとに開催するものを何という?,['トリエンナーレ']
AIO04-0410,第4回AI王,2023/09/01,開発用データ,410,アレクサンドル・デュマの「ダルタニャン三部作」とは、『三銃士』『二十年後』と何？,ブラジュロンヌ子爵,,アレクサンドル・デュマの「ダルタニャン三部作」とは、『三銃士』『二十年後』と何?,['ブラジュロンヌ子爵']
AIO04-0411,第4回AI王,2023/09/01,開発用データ,411,室町時代から江戸時代の初めまで行われた、日本とスペイン・ポルトガルの間の貿易を何という？,南蛮貿易,,室町時代から江戸時代の初めまで行われた、日本とスペイン・ポルトガルの間の貿易を何という?,['南蛮貿易']
AIO04-0412,第4回AI王,2023/09/01,開発用データ,412,製錬する過程で大量の電力を消費することから「電気の缶詰」と呼ばれる金属は何？,アルミニウム,,製錬する過程で大量の電力を消費することから「電気の缶詰」と呼ばれる金属は何?,['アルミニウム']
AIO04-0413,第4回AI王,2023/09/01,開発用データ,413,家族旅行の日に家に取り残された少年ケビンをマコーレー・カルキンが演じた、1990年公開の映画は何？,ホーム・アローン,,家族旅行の日に家に取り残された少年ケビンをマコーレー・カルキンが演じた、1990年公開の映画は何?,['ホーム・アローン']
AIO04-0414,第4回AI王,2023/09/01,開発用データ,414,電気を意味する英語「electric」の由来となった、こすると静電気を帯びる宝石は何？,琥珀,コハク,電気を意味する英語「electric」の由来となった、こすると静電気を帯びる宝石は何?,"['琥珀', 'コハク']"
AIO04-0415,第4回AI王,2023/09/01,開発用データ,415,スペイン・バルセロナの娼婦宿の5人の娼婦の様子を描いた、ニューヨーク近代美術館に所蔵されているピカソの絵画は何？,アビニョンの娘たち,"アビニヨンの娘たち, アヴィニョンの娘たち",スペイン・バルセロナの娼婦宿の5人の娼婦の様子を描いた、ニューヨーク近代美術館に所蔵されているピカソの絵画は何?,"['アビニョンの娘たち', 'アビニヨンの娘たち', 'アヴィニョンの娘たち']"
AIO04-0416,第4回AI王,2023/09/01,開発用データ,416,毎年4月ごろに発行される、宝塚歌劇団の全団員のプロフィールを紋付袴の顔写真つきで掲載した名鑑を何という？,宝塚おとめ,,毎年4月ごろに発行される、宝塚歌劇団の全団員のプロフィールを紋付袴の顔写真つきで掲載した名鑑を何という?,['宝塚おとめ']
AIO04-0417,第4回AI王,2023/09/01,開発用データ,417,シェイクスピアの小説『ハムレット』に登場する、主人公ハムレットの父の急死後に王位についた、彼の叔父は誰？,クローディアス,,シェイクスピアの小説『ハムレット』に登場する、主人公ハムレットの父の急死後に王位についた、彼の叔父は誰?,['クローディアス']
AIO04-0418,第4回AI王,2023/09/01,開発用データ,418,韓国料理のサムゲタン、中華料理のバンバンジーを漢字で書いたときに出てくる動物は何？,ニワトリ,"にわとり, 鶏",韓国料理のサムゲタン、中華料理のバンバンジーを漢字で書いたときに出てくる動物は何?,"['ニワトリ', 'にわとり', '鶏']"
AIO04-0419,第4回AI王,2023/09/01,開発用データ,419,毎年、多くの登山客が訪れる、東京都八王子市にある標高599メートルの山は何？,高尾山,,毎年、多くの登山客が訪れる、東京都八王子市にある標高599メートルの山は何?,['高尾山']
AIO04-0420,第4回AI王,2023/09/01,開発用データ,420,オーストリア女王マリア・テレジアの娘で、フランス王ルイ16世のもとに嫁ぎ、フランス革命中の1973年に処刑されたのは誰？,マリー・アントワネット,マリー＝アントワネット＝ジョゼフ＝ジャンヌ・ド・アプスブール＝ロレーヌ,オーストリア女王マリア・テレジアの娘で、フランス王ルイ16世のもとに嫁ぎ、フランス革命中の1973年に処刑されたのは誰?,"['マリー・アントワネット', 'マリー=アントワネット=ジョゼフ=ジャンヌ・ド・アプスブール=ロレーヌ']"
AIO04-0421,第4回AI王,2023/09/01,開発用データ,421,「レディキラー」の異名をとる、ウオツカにオレンジジュースを加えたカクテルは何？,スクリュードライバー,,「レディキラー」の異名をとる、ウオツカにオレンジジュースを加えたカクテルは何?,['スクリュードライバー']
AIO04-0422,第4回AI王,2023/09/01,開発用データ,422,日本の学校で外国語指導助手を務める「ALT」は何という言葉を略したもの？,Assistant Language Teacher,,日本の学校で外国語指導助手を務める「ALT」は何という言葉を略したもの?,['Assistant Language Teacher']
AIO04-0423,第4回AI王,2023/09/01,開発用データ,423,コーヒー専門店の名前にもなっている、日本神話で、天孫降臨の際にニニギノミコトの道案内をした神様は誰？,猿田彦,"サルタヒコ, サルタビコ, サルタヒコノカミ, サルタビコノカミ",コーヒー専門店の名前にもなっている、日本神話で、天孫降臨の際にニニギノミコトの道案内をした神様は誰?,"['猿田彦', 'サルタヒコ', 'サルタビコ', 'サルタヒコノカミ', 'サルタビコノカミ']"
AIO04-0424,第4回AI王,2023/09/01,開発用データ,424,モミジを都道府県の木に指定しているのは、広島県とどこ？,滋賀県,滋賀,モミジを都道府県の木に指定しているのは、広島県とどこ?,"['滋賀県', '滋賀']"
AIO04-0425,第4回AI王,2023/09/01,開発用データ,425,フリースタイルスキーのモーグルで、2人の選手が同時に滑って競うものを何という？,デュアルモーグル,デュアル,フリースタイルスキーのモーグルで、2人の選手が同時に滑って競うものを何という?,"['デュアルモーグル', 'デュアル']"
AIO04-0426,第4回AI王,2023/09/01,開発用データ,426,農民がおこした初の本格的な一揆といわれる、1428年に近畿地方で起きた一揆を当時の元号から何という？,正長の土一揆,正長の徳政一揆,農民がおこした初の本格的な一揆といわれる、1428年に近畿地方で起きた一揆を当時の元号から何という?,"['正長の土一揆', '正長の徳政一揆']"
AIO04-0427,第4回AI王,2023/09/01,開発用データ,427,オランダ語で「薬莢を包む紙」という意味がある、包装紙や事務用封筒などに用いられる紙は何？,ハトロン紙,"パトロン紙, ハトロン",オランダ語で「薬莢を包む紙」という意味がある、包装紙や事務用封筒などに用いられる紙は何?,"['ハトロン紙', 'パトロン紙', 'ハトロン']"
AIO04-0428,第4回AI王,2023/09/01,開発用データ,428,1931年にイギリス議会で制定された、イギリスの連邦体系に法的根拠を持たせた憲章を何という？,ウェストミンスター憲章,ウエストミンスター憲章,1931年にイギリス議会で制定された、イギリスの連邦体系に法的根拠を持たせた憲章を何という?,"['ウェストミンスター憲章', 'ウエストミンスター憲章']"
AIO04-0429,第4回AI王,2023/09/01,開発用データ,429,疲労、複雑、剥離、圧迫などの種類に分けられる、骨が変形、破壊される外傷を何という？,骨折,,疲労、複雑、剥離、圧迫などの種類に分けられる、骨が変形、破壊される外傷を何という?,['骨折']
AIO04-0430,第4回AI王,2023/09/01,開発用データ,430,ラテン語の名文としても名高い、古代ローマの軍人ジュリアス・シーザーが残した著書は何？,ガリア戦記,,ラテン語の名文としても名高い、古代ローマの軍人ジュリアス・シーザーが残した著書は何?,['ガリア戦記']
AIO04-0431,第4回AI王,2023/09/01,開発用データ,431,「夜更かしの人々」という意味がある、深夜のカフェを描いたエドワード・ホッパーの絵画は何？,ナイトホークス,,「夜更かしの人々」という意味がある、深夜のカフェを描いたエドワード・ホッパーの絵画は何?,['ナイトホークス']
AIO04-0432,第4回AI王,2023/09/01,開発用データ,432,「勢いが激しい」という意味がある言葉で、和歌では「神」や「宇治」にかかる枕詞といえば何？,ちはやふる,"ちはやぶる, 千早振る",「勢いが激しい」という意味がある言葉で、和歌では「神」や「宇治」にかかる枕詞といえば何?,"['ちはやふる', 'ちはやぶる', '千早振る']"
AIO04-0433,第4回AI王,2023/09/01,開発用データ,433,ワインオープナーの一種で、コルク抜き用のスクリューや、キャップシールを剥がすポケットナイフなどが一体化したものを何という？,ソムリエナイフ,,ワインオープナーの一種で、コルク抜き用のスクリューや、キャップシールを剥がすポケットナイフなどが一体化したものを何という?,['ソムリエナイフ']
AIO04-0434,第4回AI王,2023/09/01,開発用データ,434,オランダ語で「ロウソク」という意味がある照明器具は「カンデラ」ですが、フランス語で「ロウソク」という意味がある照明器具は何？,シャンデリア,シャンデリヤ,オランダ語で「ロウソク」という意味がある照明器具は「カンデラ」ですが、フランス語で「ロウソク」という意味がある照明器具は何?,"['シャンデリア', 'シャンデリヤ']"
AIO04-0435,第4回AI王,2023/09/01,開発用データ,435,出世や富に恵まれないことを、ある建築用語を使って「何が上がらない」という？,うだつ,"うだつが上がらない, 梲, 梲が上がらない",出世や富に恵まれないことを、ある建築用語を使って「何が上がらない」という?,"['うだつ', 'うだつが上がらない', '梲', '梲が上がらない']"
AIO04-0436,第4回AI王,2023/09/01,開発用データ,436,2種類の動物の合計頭数を、それぞれの足の本数を頼りにして求める算数の計算を何という？,つるかめ算,鶴亀算,2種類の動物の合計頭数を、それぞれの足の本数を頼りにして求める算数の計算を何という?,"['つるかめ算', '鶴亀算']"
AIO04-0437,第4回AI王,2023/09/01,開発用データ,437,俵藤太の大ムカデ退治の伝説で知られる、別名を「近江富士」という滋賀県の山はどこ？,三上山,,俵藤太の大ムカデ退治の伝説で知られる、別名を「近江富士」という滋賀県の山はどこ?,['三上山']
AIO04-0438,第4回AI王,2023/09/01,開発用データ,438,12個のプラスチック製カップをさまざまな形に積んだり崩したりしてスピードと技を競う競技は何？,スポーツスタッキング,,12個のプラスチック製カップをさまざまな形に積んだり崩したりしてスピードと技を競う競技は何?,['スポーツスタッキング']
AIO04-0439,第4回AI王,2023/09/01,開発用データ,439,ロクサーヌという女性にあこがれる、鼻の大きい男を主人公とした、ロスタンの戯曲は何？,シラノ・ド・ベルジュラック,,ロクサーヌという女性にあこがれる、鼻の大きい男を主人公とした、ロスタンの戯曲は何?,['シラノ・ド・ベルジュラック']
AIO04-0440,第4回AI王,2023/09/01,開発用データ,440,第1回直木賞を受賞した作家は川口松太郎ですが、第2回直木賞を受賞した作家は誰？,鷲尾雨工,,第1回直木賞を受賞した作家は川口松太郎ですが、第2回直木賞を受賞した作家は誰?,['鷲尾雨工']
AIO04-0441,第4回AI王,2023/09/01,開発用データ,441,お互いの変身願望を表現した童話『王子と乞食』の作者である、アメリカの作家は誰？,マーク・トウェイン,トウェイン,お互いの変身願望を表現した童話『王子と乞食』の作者である、アメリカの作家は誰?,"['マーク・トウェイン', 'トウェイン']"
AIO04-0442,第4回AI王,2023/09/01,開発用データ,442,2015年に『蜩ノ記』で日本アカデミー賞最優秀助演男優賞を、『永遠の0』で同最優秀主演男優賞を受賞した俳優は誰？,岡田准一,,2015年に『蜩ノ記』で日本アカデミー賞最優秀助演男優賞を、『永遠の0』で同最優秀主演男優賞を受賞した俳優は誰?,['岡田准一']
AIO04-0443,第4回AI王,2023/09/01,開発用データ,443,ヒバリ、カナリア、ヤマガラ、クジャクを漢字で書いたときに、共通して使われる漢字は何？,雀,,ヒバリ、カナリア、ヤマガラ、クジャクを漢字で書いたときに、共通して使われる漢字は何?,['雀']
AIO04-0444,第4回AI王,2023/09/01,開発用データ,444,1915年にラッフルズホテルで考案された、夕焼けをモチーフに作られたカクテルは何？,シンガポール・スリング,,1915年にラッフルズホテルで考案された、夕焼けをモチーフに作られたカクテルは何?,['シンガポール・スリング']
AIO04-0445,第4回AI王,2023/09/01,開発用データ,445,車体の色にちなむ愛称で、ニューヨークのタクシーはイエローキャブといいますが、ロンドンのタクシーは何という？,ブラックキャブ,,車体の色にちなむ愛称で、ニューヨークのタクシーはイエローキャブといいますが、ロンドンのタクシーは何という?,['ブラックキャブ']
AIO04-0446,第4回AI王,2023/09/01,開発用データ,446,アメリカで、感謝祭やクリスマスを祝って食べられる「ターキー」といえば何という鳥のこと？,七面鳥,,アメリカで、感謝祭やクリスマスを祝って食べられる「ターキー」といえば何という鳥のこと?,['七面鳥']
AIO04-0447,第4回AI王,2023/09/01,開発用データ,447,コンニャクイモに多く含まれる食物繊維で、便秘解消や血糖値の低下に効果があることから注目されている成分は何？,グルコマンナン,マンナン,コンニャクイモに多く含まれる食物繊維で、便秘解消や血糖値の低下に効果があることから注目されている成分は何?,"['グルコマンナン', 'マンナン']"
AIO04-0448,第4回AI王,2023/09/01,開発用データ,448,藤原新也など著名な写真家を数多く輩出していることから「写真界の芥川賞」とも呼ばれる写真賞は何？,木村伊兵衛写真賞,,藤原新也など著名な写真家を数多く輩出していることから「写真界の芥川賞」とも呼ばれる写真賞は何?,['木村伊兵衛写真賞']
AIO04-0449,第4回AI王,2023/09/01,開発用データ,449,プロ野球の優勝チームが行う「ビールかけ」のもととなった、アメリカメジャーリーグの習慣は何？,シャンパンファイト,,プロ野球の優勝チームが行う「ビールかけ」のもととなった、アメリカメジャーリーグの習慣は何?,['シャンパンファイト']
AIO04-0450,第4回AI王,2023/09/01,開発用データ,450,宝くじのナンバーズで、並びが違っていても、選んだ数字がすべて含まれていれば当たりとなる買い方を何という？,ボックス,,宝くじのナンバーズで、並びが違っていても、選んだ数字がすべて含まれていれば当たりとなる買い方を何という?,['ボックス']
AIO04-0451,第4回AI王,2023/09/01,開発用データ,451,1971年にアメリカによるアラスカ沖の核実験の阻止を目的に発足した、オランダに本部を置く国際環境NGOは何？,グリーンピース,,1971年にアメリカによるアラスカ沖の核実験の阻止を目的に発足した、オランダに本部を置く国際環境NGOは何?,['グリーンピース']
AIO04-0452,第4回AI王,2023/09/01,開発用データ,452,1947年にアメリカが宣言した、共産主義封じ込め政策のことを、特別教書演説で発表した当時の大統領の名前から何という？,トルーマン・ドクトリン,,1947年にアメリカが宣言した、共産主義封じ込め政策のことを、特別教書演説で発表した当時の大統領の名前から何という?,['トルーマン・ドクトリン']
AIO04-0453,第4回AI王,2023/09/01,開発用データ,453,19世紀前半、北イタリアの独立運動を鎮圧したオーストリアの軍人をたたえて、ヨハン・シュトラウス1世が作曲した行進曲は何？,ラデツキー行進曲,,19世紀前半、北イタリアの独立運動を鎮圧したオーストリアの軍人をたたえて、ヨハン・シュトラウス1世が作曲した行進曲は何?,['ラデツキー行進曲']
AIO04-0454,第4回AI王,2023/09/01,開発用データ,454,バスケットボールで、それぞれの選手が受け持つ範囲を決めて守備を担当する戦法を何という？,ゾーンディフェンス,,バスケットボールで、それぞれの選手が受け持つ範囲を決めて守備を担当する戦法を何という?,['ゾーンディフェンス']
AIO04-0455,第4回AI王,2023/09/01,開発用データ,455,冒険家が目指す「三極点」とよばれる3つの極点とは、北極点、南極点とどこ？,エベレスト山頂,,冒険家が目指す「三極点」とよばれる3つの極点とは、北極点、南極点とどこ?,['エベレスト山頂']
AIO04-0456,第4回AI王,2023/09/01,開発用データ,456,夏目漱石が門下生や若手文学者を集め、さまざまなことについて議論した会を何という？,木曜会,,夏目漱石が門下生や若手文学者を集め、さまざまなことについて議論した会を何という?,['木曜会']
AIO04-0457,第4回AI王,2023/09/01,開発用データ,457,大切にして手放さないもののことを、ある動物の習性にたとえて「何の子」という？,虎の子,虎,大切にして手放さないもののことを、ある動物の習性にたとえて「何の子」という?,"['虎の子', '虎']"
AIO04-0458,第4回AI王,2023/09/01,開発用データ,458,カシミール地方で産出される、コーンフラワーブルーと呼ばれるものが最高級とされる宝石は何？,サファイア,サファイヤ,カシミール地方で産出される、コーンフラワーブルーと呼ばれるものが最高級とされる宝石は何?,"['サファイア', 'サファイヤ']"
AIO04-0459,第4回AI王,2023/09/01,開発用データ,459,大都市の中心部の人口が減り、周辺部の人口が増える現象を、ある食べ物にたとえて何という？,ドーナツ化現象,ドーナツ現象,大都市の中心部の人口が減り、周辺部の人口が増える現象を、ある食べ物にたとえて何という?,"['ドーナツ化現象', 'ドーナツ現象']"
AIO04-0460,第4回AI王,2023/09/01,開発用データ,460,ビーチバレー発祥の国はアメリカですが、ビーチサッカー発祥の国はどこ？,ブラジル,ブラジル連邦共和国,ビーチバレー発祥の国はアメリカですが、ビーチサッカー発祥の国はどこ?,"['ブラジル', 'ブラジル連邦共和国']"
AIO04-0461,第4回AI王,2023/09/01,開発用データ,461,ガーデニングで、乾燥を防いだり保温したりするために、植物の根元の土にワラやビニールを敷きつめることを何という？,マルチング,マルチ,ガーデニングで、乾燥を防いだり保温したりするために、植物の根元の土にワラやビニールを敷きつめることを何という?,"['マルチング', 'マルチ']"
AIO04-0462,第4回AI王,2023/09/01,開発用データ,462,南太平洋のポリネシア人の先祖は南米大陸からイカダでやって来たという学説を、「コンチキ号」というイカダを用いて自ら証明した、ノルウェーの人類学者は誰？,トール・ヘイエルダール,ヘイエルダール,南太平洋のポリネシア人の先祖は南米大陸からイカダでやって来たという学説を、「コンチキ号」というイカダを用いて自ら証明した、ノルウェーの人類学者は誰?,"['トール・ヘイエルダール', 'ヘイエルダール']"
AIO04-0463,第4回AI王,2023/09/01,開発用データ,463,栓抜きや穴あけパンチの場合は真ん中にある、てこの原理において力点で加えた力が働く点を何という？,作用点,,栓抜きや穴あけパンチの場合は真ん中にある、てこの原理において力点で加えた力が働く点を何という?,['作用点']
AIO04-0464,第4回AI王,2023/09/01,開発用データ,464,小倉百人一首の歌にも詠み込まれている、夜が明けかけてもまだ空に残っている月を何という？,有明の月,有明月,小倉百人一首の歌にも詠み込まれている、夜が明けかけてもまだ空に残っている月を何という?,"['有明の月', '有明月']"
AIO04-0465,第4回AI王,2023/09/01,開発用データ,465,世界で2番目に大きい島・ニューギニア島を領有する2つの国は、パプアニューギニアとどこ？,インドネシア,インドネシア共和国,世界で2番目に大きい島・ニューギニア島を領有する2つの国は、パプアニューギニアとどこ?,"['インドネシア', 'インドネシア共和国']"
AIO04-0466,第4回AI王,2023/09/01,開発用データ,466,和菓子の「どら焼き」のことを、関西地方ではある山に見立てて別名何という？,三笠,,和菓子の「どら焼き」のことを、関西地方ではある山に見立てて別名何という?,['三笠']
AIO04-0467,第4回AI王,2023/09/01,開発用データ,467,ナンバーエイト、スクラム、トライから連想されるスポーツは何？,ラグビー,,ナンバーエイト、スクラム、トライから連想されるスポーツは何?,['ラグビー']
AIO04-0468,第4回AI王,2023/09/01,開発用データ,468,生産地のフランス・シャラント県の街の名前がついたブランデーで、レミー・マルタン、ヘネシーなどの銘柄で知られるのは何？,コニャック,,生産地のフランス・シャラント県の街の名前がついたブランデーで、レミー・マルタン、ヘネシーなどの銘柄で知られるのは何?,['コニャック']
AIO04-0469,第4回AI王,2023/09/01,開発用データ,469,アイヌ人と和人の戦いで、1457年に蜂起した時のアイヌの酋長はコシャマインでしたが、1669年に蜂起した時のアイヌの酋長は誰？,シャクシャイン,,アイヌ人と和人の戦いで、1457年に蜂起した時のアイヌの酋長はコシャマインでしたが、1669年に蜂起した時のアイヌの酋長は誰?,['シャクシャイン']
AIO04-0470,第4回AI王,2023/09/01,開発用データ,470,ウォッカをベースに、パイナップルジュースやココナッツミルクを混ぜて作るトロピカルカクテルは何？,チチ,,ウォッカをベースに、パイナップルジュースやココナッツミルクを混ぜて作るトロピカルカクテルは何?,['チチ']
AIO04-0471,第4回AI王,2023/09/01,開発用データ,471,選手のウォームアップから派生して生まれた、タックルやスクラムを行わないルールで行う簡易的なラグビーを何という？,タッチラグビー,,選手のウォームアップから派生して生まれた、タックルやスクラムを行わないルールで行う簡易的なラグビーを何という?,['タッチラグビー']
AIO04-0472,第4回AI王,2023/09/01,開発用データ,472,殺菌効果があるため、うがい薬や消毒薬に利用される、原子番号53、元素記号Iの元素は何？,ヨウ素,,殺菌効果があるため、うがい薬や消毒薬に利用される、原子番号53、元素記号Iの元素は何?,['ヨウ素']
AIO04-0473,第4回AI王,2023/09/01,開発用データ,473,英語で「凝固した」という意味がある、スコーンなどに添えられる、イギリスの伝統的なクリームは何？,クロテッドクリーム,,英語で「凝固した」という意味がある、スコーンなどに添えられる、イギリスの伝統的なクリームは何?,['クロテッドクリーム']
AIO04-0474,第4回AI王,2023/09/01,開発用データ,474,1998年に出場したサッカーW杯フランス大会で、日本人として初得点を記録した選手は誰？,中山雅史,,1998年に出場したサッカーW杯フランス大会で、日本人として初得点を記録した選手は誰?,['中山雅史']
AIO04-0475,第4回AI王,2023/09/01,開発用データ,475,アフリカのマダガスカル島に17世紀ごろまで生息していた、体長3mを超える最大の鳥の仲間は何？,エピオルニス,,アフリカのマダガスカル島に17世紀ごろまで生息していた、体長3mを超える最大の鳥の仲間は何?,['エピオルニス']
AIO04-0476,第4回AI王,2023/09/01,開発用データ,476,タピオカの粉に卵やチーズなどを混ぜて焼いた、もちもちした食感が特徴的なブラジル生まれのパンは何？,ポン・デ・ケージョ,ポン・デ・ケイジョ,タピオカの粉に卵やチーズなどを混ぜて焼いた、もちもちした食感が特徴的なブラジル生まれのパンは何?,"['ポン・デ・ケージョ', 'ポン・デ・ケイジョ']"
AIO04-0477,第4回AI王,2023/09/01,開発用データ,477,キャメル、レイバック、ビールマンなどの種類がある、フィギュアスケートの技は何？,スピン,,キャメル、レイバック、ビールマンなどの種類がある、フィギュアスケートの技は何?,['スピン']
AIO04-0478,第4回AI王,2023/09/01,開発用データ,478,「筋トレの味方」や「食べるだけで痩せる」といわれる、乾燥ワカメ、オクラ、シイタケ、鶏むね肉、カレー粉をご飯と一緒に炊いた料理を、あるものに似ていることから何という？,沼,,「筋トレの味方」や「食べるだけで痩せる」といわれる、乾燥ワカメ、オクラ、シイタケ、鶏むね肉、カレー粉をご飯と一緒に炊いた料理を、あるものに似ていることから何という?,['沼']
AIO04-0479,第4回AI王,2023/09/01,開発用データ,479,ラグビーで、トライの後に行われる、決まると2点が入るゴールキックのことを何という？,コンバージョンキック,コンバージョン,ラグビーで、トライの後に行われる、決まると2点が入るゴールキックのことを何という?,"['コンバージョンキック', 'コンバージョン']"
AIO04-0480,第4回AI王,2023/09/01,開発用データ,480,ウェーブ、トンネル、スパイラルなどの種類がある、公園によく設置されている遊具は何？,すべり台,滑り台,ウェーブ、トンネル、スパイラルなどの種類がある、公園によく設置されている遊具は何?,"['すべり台', '滑り台']"
AIO04-0481,第4回AI王,2023/09/01,開発用データ,481,1968年に当時イギリス陸軍少佐だったパディ・ロイ・ベーツが独立宣言して建国したものの国連加盟国が国家承認していない「自称国家」の国はどこ？,シーランド公国,,1968年に当時イギリス陸軍少佐だったパディ・ロイ・ベーツが独立宣言して建国したものの国連加盟国が国家承認していない「自称国家」の国はどこ?,['シーランド公国']
AIO04-0482,第4回AI王,2023/09/01,開発用データ,482,「100mを6秒で走る」「好物はべっこうあめ」「ポマードの匂いが嫌い」などの特徴があるとされる、1979年に日本中で都市伝説として話題になった妖怪は何？,口裂け女,,「100mを6秒で走る」「好物はべっこうあめ」「ポマードの匂いが嫌い」などの特徴があるとされる、1979年に日本中で都市伝説として話題になった妖怪は何?,['口裂け女']
AIO04-0483,第4回AI王,2023/09/01,開発用データ,483,主人公の畠山則安が書く“未来の日記”が次々に現実になってしまうという内容の、矢玉四郎の児童文学は何？,はれときどきぶた,,主人公の畠山則安が書く“未来の日記”が次々に現実になってしまうという内容の、矢玉四郎の児童文学は何?,['はれときどきぶた']
AIO04-0484,第4回AI王,2023/09/01,開発用データ,484,福岡県の筑後川、山梨県の笛吹川、岐阜県の長良川などで行われている、鮎などの川魚をとる伝統的な漁法といえば何？,鵜飼,鵜飼い,福岡県の筑後川、山梨県の笛吹川、岐阜県の長良川などで行われている、鮎などの川魚をとる伝統的な漁法といえば何?,"['鵜飼', '鵜飼い']"
AIO04-0485,第4回AI王,2023/09/01,開発用データ,485,アメリカのテレビドラマ『刑事コロンボ』で、コロンボが勤務するのはどこの都市の市警？,ロサンゼルス,ロサンゼルス市警,アメリカのテレビドラマ『刑事コロンボ』で、コロンボが勤務するのはどこの都市の市警?,"['ロサンゼルス', 'ロサンゼルス市警']"
AIO04-0486,第4回AI王,2023/09/01,開発用データ,486,かつてベーリング海に生息した、体長7mほどにおよぶほ乳類で、1742年にデンマークの探検隊に発見されると瞬く間に狩りの標的となり1768年に絶滅した動物は何？,ステラーカイギュウ,,かつてベーリング海に生息した、体長7mほどにおよぶほ乳類で、1742年にデンマークの探検隊に発見されると瞬く間に狩りの標的となり1768年に絶滅した動物は何?,['ステラーカイギュウ']
AIO04-0487,第4回AI王,2023/09/01,開発用データ,487,英語で「アプリコット」はアンズですが、「ジャパニーズアプリコット」と呼ばれるのは何の実？,梅,"ウメ, うめ",英語で「アプリコット」はアンズですが、「ジャパニーズアプリコット」と呼ばれるのは何の実?,"['梅', 'ウメ', 'うめ']"
AIO04-0488,第4回AI王,2023/09/01,開発用データ,488,「ロケット」などの別名もある、独特の風味と苦みが特徴的なアブラナ科のハーブは何？,ルッコラ,"ルコラ, ルーコラ",「ロケット」などの別名もある、独特の風味と苦みが特徴的なアブラナ科のハーブは何?,"['ルッコラ', 'ルコラ', 'ルーコラ']"
AIO04-0489,第4回AI王,2023/09/01,開発用データ,489,1886年、鉱石の研究中にゲルマニウムを発見した、ドイツの化学者は誰？,クレメンス・ヴィンクラー,"ヴィンクラー, クレメンス・アレクサンダー・ヴィンクラー",1886年、鉱石の研究中にゲルマニウムを発見した、ドイツの化学者は誰?,"['クレメンス・ヴィンクラー', 'ヴィンクラー', 'クレメンス・アレクサンダー・ヴィンクラー']"
AIO04-0490,第4回AI王,2023/09/01,開発用データ,490,元プロ野球選手で、佐々木主浩、村田兆治、野茂英雄、杉下茂がウィニングショットとしていた変化球は何？,フォークボール,フォーク,元プロ野球選手で、佐々木主浩、村田兆治、野茂英雄、杉下茂がウィニングショットとしていた変化球は何?,"['フォークボール', 'フォーク']"
AIO04-0491,第4回AI王,2023/09/01,開発用データ,491,スピナー、プラグ、ワームなどの種類がある、釣りに使う、プラスチックなどでできた擬餌針を何という？,ルアー,,スピナー、プラグ、ワームなどの種類がある、釣りに使う、プラスチックなどでできた擬餌針を何という?,['ルアー']
AIO04-0492,第4回AI王,2023/09/01,開発用データ,492,馬につけられた鈴の音が名前の由来といわれる、毎年6月の第2土曜日に行われる岩手県の伝統行事は何？,チャグチャグ馬コ,ちゃぐちゃぐ馬こ,馬につけられた鈴の音が名前の由来といわれる、毎年6月の第2土曜日に行われる岩手県の伝統行事は何?,"['チャグチャグ馬コ', 'ちゃぐちゃぐ馬こ']"
AIO04-0493,第4回AI王,2023/09/01,開発用データ,493,樹脂のポリプロピレン、英語の過去分詞、音楽記号のピアニッシモから連想されるアルファベット2文字は何？,PP,,樹脂のポリプロピレン、英語の過去分詞、音楽記号のピアニッシモから連想されるアルファベット2文字は何?,['PP']
AIO04-0494,第4回AI王,2023/09/01,開発用データ,494,世界文化遺産のアスキアの墓、ジェンネ旧市街、トンブクトゥがあるアフリカの国はどこ？,マリ,マリ共和国,世界文化遺産のアスキアの墓、ジェンネ旧市街、トンブクトゥがあるアフリカの国はどこ?,"['マリ', 'マリ共和国']"
AIO04-0495,第4回AI王,2023/09/01,開発用データ,495,アメリカンフットボールで、反則があったときに審判員が投げるファウルマーカーを何という？,イエローフラッグ,,アメリカンフットボールで、反則があったときに審判員が投げるファウルマーカーを何という?,['イエローフラッグ']
AIO04-0496,第4回AI王,2023/09/01,開発用データ,496,風の強さを0から12までの13段階に分ける風力階級を考案した、19世紀のイギリスの軍人は誰？,フランシス・ボーフォート,"ボーフォート, フランシス・ビューフォート, ビューフォート, サー・フランシス・ボーフォート",風の強さを0から12までの13段階に分ける風力階級を考案した、19世紀のイギリスの軍人は誰?,"['フランシス・ボーフォート', 'ボーフォート', 'フランシス・ビューフォート', 'ビューフォート', 'サー・フランシス・ボーフォート']"
AIO04-0497,第4回AI王,2023/09/01,開発用データ,497,川の流れが深い部分を「淵」というのに対し、流れが浅い部分のことを漢字1文字で何という？,瀬,,川の流れが深い部分を「淵」というのに対し、流れが浅い部分のことを漢字1文字で何という?,['瀬']
AIO04-0498,第4回AI王,2023/09/01,開発用データ,498,唱歌『静かな湖畔』などで行われる、同じ旋律を一定の間隔をおいて追いかけながら歌う合唱を何という？,輪唱,,唱歌『静かな湖畔』などで行われる、同じ旋律を一定の間隔をおいて追いかけながら歌う合唱を何という?,['輪唱']
AIO04-0499,第4回AI王,2023/09/01,開発用データ,499,第二次世界大戦が終了した時の、アメリカ大統領はトルーマンですが、イギリス首相は誰？,クレメント・アトリー,"アトリー, クレメント・リチャード・アトリー",第二次世界大戦が終了した時の、アメリカ大統領はトルーマンですが、イギリス首相は誰?,"['クレメント・アトリー', 'アトリー', 'クレメント・リチャード・アトリー']"
AIO04-0500,第4回AI王,2023/09/01,開発用データ,500,17世紀にスペインのバスク地方で生まれた、「楽しい祭り」という意味の名前がつけられたスポーツは何？,ハイアライ,,17世紀にスペインのバスク地方で生まれた、「楽しい祭り」という意味の名前がつけられたスポーツは何?,['ハイアライ']
